"A 동별",Q202402 2024 2/4,Q202402 2024 2/4,Q202402 2024 2/4,Q202402 2024 2/4,Q202402 2024 2/4,Q202402 2024 2/4,Q202402 2024 2/4,Q202402 2024 2/4
"A 동별",001 세대 (14STD05266 세대),002 계 (14210.MT0047 명),002001 남자,002002 여자,003 한국인 (14999671.ga028 명),003001 남자,003002 여자,006 65세이상고령자 (14999671.ga028 명)
"001 합계",4486014,9619861,4634458,4985403,9366283,4524862,4841421,1785286
"001001 종로구",72394,150204,71684,78520,139189,67005,72184,29338
"001001020 청운효자동",4996,11326,5160,6166,11190,5093,6097,2222
"001001003 사직동",4559,9249,4097,5152,8977,3937,5040,1895
"001001004 삼청동",1113,2449,1174,1275,2226,1061,1165,647
"001001005 부암동",4115,9346,4415,4931,9042,4251,4791,1939
"001001006 평창동",7127,17460,8107,9353,17262,8004,9258,3736
"001001007 무악동",3006,7968,3661,4307,7938,3645,4293,1543
"001001008 교남동",4333,9851,4534,5317,9682,4443,5239,1731
"001001009 가회동",1886,3915,1844,2071,3814,1789,2025,852
"001001010 종로1.2.3.4가동",4932,8435,4904,3531,6702,4043,2659,1811
"001001011 종로5.6가동",3555,5778,3025,2753,5317,2795,2522,1101
"001001012 이화동",4321,7537,3483,4054,6973,3252,3721,1392
"001001013 혜화동",9196,19209,8713,10496,15936,7689,8247,2740
"001001015 창신1동",2602,5366,2821,2545,4482,2365,2117,1264
"001001016 창신2동",3961,8664,4466,4198,7451,3845,3606,1969
"001001017 창신3동",2765,6533,3221,3312,6328,3113,3215,1372
"001001018 숭인1동",2992,6089,2920,3169,5764,2787,2977,1321
"001001019 숭인2동",6935,11029,5139,5890,10105,4893,5212,1803
"001002 중구",65273,131800,63383,68417,121475,58582,62893,26516
"001002001 소공동",1253,3362,1662,1700,2179,1025,1154,347
"001002002 회현동",2491,5012,2619,2393,4360,2289,2071,1381
"001002003 명동",1378,3400,1490,1910,2588,1076,1512,770
"001002004 필동",2748,5248,2619,2629,4306,2211,2095,914
"001002005 장충동",2857,5458,2787,2671,4563,2374,2189,914
"001002006 광희동",3992,7070,3463,3607,5811,2856,2955,1213
"001002007 을지로동",2157,3466,1859,1607,3124,1698,1426,518
"001002016 신당동",4732,8888,4250,4638,7416,3622,3794,1614
"001002017 다산동",6811,13625,6577,7048,13155,6367,6788,3010
"001002018 약수동",7764,16343,7539,8804,16099,7418,8681,4232
"001002019 청구동",6135,13127,6159,6968,12872,6047,6825,2988
"001002012 신당5동",5437,10521,5063,5458,10166,4921,5245,1997
"001002020 동화동",3995,10103,4838,5265,9923,4753,5170,2169
"001002014 황학동",7549,13711,6390,7321,12796,6017,6779,2207
"001002015 중림동",5974,12466,6068,6398,12117,5908,6209,2242
"001003 용산구",104187,219451,105752,113699,206061,98564,107497,39021
"001003001 후암동",8268,16412,7898,8514,15927,7647,8280,3170
"001003002 용산2가동",5017,10273,5012,5261,8835,4338,4497,2135
"001003003 남영동",4848,7334,4412,2922,6819,4156,2663,1609
"001003021 청파동",11195,19420,8888,10532,18763,8679,10084,3412
"001003006 원효로1동",9310,17689,8226,9463,16989,7848,9141,2134
"001003007 원효로2동",6273,13707,6433,7274,13583,6382,7201,2514
"001003008 효창동",4729,10772,5058,5714,10613,4988,5625,1659
"001003009 용문동",5284,11411,5394,6017,11290,5346,5944,2308
"001003022 한강로동",11243,22613,10794,11819,20883,9881,11002,3395
"001003013 이촌1동",9110,25481,12010,13471,24944,11710,13234,4572
"001003014 이촌2동",3596,7870,3667,4203,7806,3639,4167,1853
"001003015 이태원1동",3460,7841,4180,3661,6123,3063,3060,1442
"001003016 이태원2동",4902,10242,4905,5337,8730,4131,4599,1958
"001003023 한남동",7451,16428,7928,8500,14546,6886,7660,2741
"001003019 서빙고동",5122,13306,6417,6889,12578,6046,6532,2305
"001003020 보광동",4379,8652,4530,4122,7632,3824,3808,1814
"001004 성동구",133233,283853,136993,146860,276597,133939,142658,50534
"001004002 왕십리2동",7421,16435,7853,8582,16071,7710,8361,2833
"001004021 왕십리도선동",12168,26670,12484,14186,26178,12281,13897,4191
"001004004 마장동",10830,22073,10764,11309,21482,10530,10952,4273
"001004005 사근동",8350,14133,7034,7099,12086,6308,5778,1567
"001004006 행당1동",6486,14034,6657,7377,13738,6555,7183,2320
"001004007 행당2동",9218,22850,10655,12195,22756,10612,12144,4259
"001004008 응봉동",5939,14888,7054,7834,14831,7028,7803,2680
"001004009 금호1가동",6487,14807,7039,7768,14705,6989,7716,2913
"001004022 금호2.3가동",9851,21996,10444,11552,21812,10364,11448,4196
"001004012 금호4가동",6382,14237,6705,7532,14096,6636,7460,2717
"001004023 옥수동",10763,25726,11915,13811,25477,11772,13705,4568
"001004015 성수1가1동",7474,15659,7783,7876,15361,7628,7733,2542
"001004016 성수1가2동",5893,12056,5873,6183,11840,5765,6075,2119
"001004017 성수2가1동",7607,14955,7720,7235,14495,7501,6994,3123
"001004018 성수2가3동",5174,10172,5085,5087,9919,4964,4955,1896
"001004019 송정동",5340,10035,5259,4776,9618,5041,4577,1975
"001004020 용답동",7850,13127,6669,6458,12132,6255,5877,2362
"001005 광진구",170469,350005,166736,183269,334159,160329,173830,58307
"001005003 화양동",18241,27646,12404,15242,23201,10930,12271,2445
"001005004 군자동",11278,21454,10416,11038,18919,9281,9638,3378
"001005005 중곡1동",8673,15587,7361,8226,15136,7162,7974,2774
"001005006 중곡2동",10559,20675,9710,10965,20314,9569,10745,3729
"001005007 중곡3동",8513,15814,7770,8044,15522,7657,7865,3183
"001005008 중곡4동",13092,27899,13536,14363,27494,13386,14108,5851
"001005009 능동",6484,11477,5272,6205,11022,5059,5963,1753
"001005013 광장동",11843,34103,16463,17640,33863,16354,17509,4290
"001005014 자양1동",12083,22774,11021,11753,21842,10622,11220,3958
"001005015 자양2동",11006,23960,11585,12375,23625,11446,12179,4540
"001005016 자양3동",11018,27491,13137,14354,27164,12982,14182,4830
"001005017 자양4동",10935,23232,11242,11990,19739,9716,10023,4330
"001005010 구의1동",13151,23739,11233,12506,23036,10950,12086,3591
"001005011 구의2동",11528,26115,12399,13716,25481,12125,13356,4917
"001005012 구의3동",12065,28039,13187,14852,27801,13090,14711,4738
"001006 동대문구",173903,360066,174065,186001,341345,167147,174198,68503
"001006029 용신동",21885,40362,19681,20681,38643,19052,19591,6816
"001006030 제기동",13034,25322,12588,12734,22899,11745,11154,5799
"001006006 전농1동",16574,33757,16711,17046,32959,16408,16551,6348
"001006007 전농2동",7505,18252,8623,9629,17806,8453,9353,4051
"001006010 답십리1동",12875,28148,13464,14684,27735,13281,14454,4479
"001006011 답십리2동",12449,27661,13255,14406,27313,13108,14205,6120
"001006015 장안1동",18372,38086,18691,19395,37387,18413,18974,7322
"001006016 장안2동",14432,32948,16219,16729,32624,16104,16520,5909
"001006028 청량리동",10131,19303,9462,9841,18668,9194,9474,5806
"001006021 회기동",6683,13547,6043,7504,10388,4905,5483,1559
"001006022 휘경1동",7784,16185,7279,8906,13745,6437,7308,2196
"001006023 휘경2동",12854,25324,12459,12865,24284,12115,12169,4371
"001006024 이문1동",10729,21380,10086,11294,17710,8705,9005,3380
"001006025 이문2동",8596,19791,9504,10287,19184,9227,9957,4347
"001007 중랑구",188664,386782,188839,197943,381126,186600,194526,81160
"001007002 면목2동",12185,23805,11745,12060,23415,11594,11821,5185
"001007004 면목4동",8941,18364,9117,9247,18022,8973,9049,4186
"001007005 면목5동",6393,14611,7260,7351,14462,7208,7254,2615
"001007021 면목본동",17821,33421,16371,17050,32611,16039,16572,6761
"001007007 면목7동",10550,21456,10627,10829,21101,10493,10608,4803
"001007022 면목3.8동",12767,24637,12079,12558,24147,11878,12269,5665
"001007009 상봉1동",10088,23039,11164,11875,22881,11105,11776,4438
"001007010 상봉2동",12785,20996,9884,11112,20484,9679,10805,3349
"001007011 중화1동",8899,18768,9262,9506,18550,9177,9373,4149
"001007012 중화2동",13461,24136,12282,11854,23635,12082,11553,5513
"001007014 묵1동",14916,33670,15982,17688,33436,15891,17545,6593
"001007015 묵2동",9182,18302,8933,9369,17998,8814,9184,4021
"001007023 망우본동",18758,38421,18887,19534,37950,18706,19244,7570
"001007018 망우3동",8198,16021,7986,8035,15559,7800,7759,3819
"001007019 신내1동",14828,37567,18055,19512,37390,17978,19412,7837
"001007020 신내2동",8892,19568,9205,10363,19485,9183,10302,4656
"001008 성북구",197371,436666,207814,228852,424194,203323,220871,81965
"001008031 성북동",8142,16478,7677,8801,15925,7435,8490,3184
"001008032 삼선동",11441,22636,10624,12012,22043,10462,11581,4234
"001008033 동선동",9799,15958,6392,9566,15057,6172,8885,2285
"001008008 돈암1동",6009,14234,6649,7585,14126,6604,7522,3167
"001008009 돈암2동",8543,23515,11088,12427,23401,11035,12366,3920
"001008010 안암동",10093,17354,8342,9012,15037,7625,7412,2212
"001008011 보문동",8154,16561,7877,8684,16142,7712,8430,2726
"001008012 정릉1동",7347,17962,8572,9390,17735,8494,9241,3416
"001008013 정릉2동",9843,22597,10810,11787,22320,10720,11600,4930
"001008014 정릉3동",8352,16658,8148,8510,14982,7430,7552,3551
"001008015 정릉4동",10824,24511,11628,12883,24023,11484,12539,5281
"001008016 길음1동",12660,35359,16704,18655,35210,16647,18563,5038
"001008017 길음2동",8487,21523,10282,11241,21402,10223,11179,3289
"001008034 종암동",16983,39379,19129,20250,37311,18382,18929,7415
"001008021 월곡1동",10711,25543,12244,13299,25323,12174,13149,5255
"001008022 월곡2동",9641,19485,9194,10291,18788,8925,9863,3939
"001008026 장위1동",10605,23467,11380,12087,23233,11288,11945,4477
"001008027 장위2동",6589,13217,6450,6767,12971,6345,6626,3329
"001008028 장위3동",6457,15602,7638,7964,15471,7582,7889,2425
"001008035 석관동",16691,34627,16986,17641,33694,16584,17110,7892
"001009 강북구",143075,290252,139521,150731,285054,137733,147321,69922
"001009018 삼양동",10780,22456,11104,11352,22225,11021,11204,5308
"001009019 미아동",11673,21443,10145,11298,20701,9884,10817,4994
"001009020 송중동",13787,29019,13857,15162,28291,13576,14715,6564
"001009021 송천동",12948,24954,12345,12609,24499,12162,12337,6647
"001009022 삼각산동",11513,30487,14605,15882,30374,14558,15816,5054
"001009009 번1동",9688,17105,8401,8704,16420,8161,8259,3620
"001009010 번2동",7429,14879,7111,7768,14761,7070,7691,4345
"001009011 번3동",7646,16231,7513,8718,16164,7495,8669,5043
"001009012 수유1동",10492,20139,9753,10386,19747,9644,10103,4830
"001009013 수유2동",9761,20560,9725,10835,20371,9664,10707,5454
"001009014 수유3동",13630,23878,11532,12346,22884,11225,11659,5162
"001009023 우이동",9592,20001,9495,10506,19805,9426,10379,5263
"001009024 인수동",14136,29100,13935,15165,28812,13847,14965,7638
"001010 도봉구",138849,308060,148775,159285,305400,147847,157553,72365
"001010009 창1동",10960,24140,11493,12647,23947,11415,12532,5239
"001010010 창2동",12514,28181,13608,14573,27879,13502,14377,5954
"001010011 창3동",6402,13165,6547,6618,13061,6507,6554,3220
"001010012 창4동",11275,26517,12629,13888,26409,12583,13826,4965
"001010013 창5동",10318,23960,11388,12572,23811,11335,12476,5028
"001010014 도봉1동",10246,19994,9957,10037,19831,9894,9937,6316
"001010015 도봉2동",11924,26276,12845,13431,26112,12780,13332,7318
"001010001 쌍문1동",9485,21060,9871,11189,20606,9783,10823,5080
"001010002 쌍문2동",8462,17971,8554,9417,17781,8463,9318,4364
"001010003 쌍문3동",8209,16580,7891,8689,16358,7818,8540,3788
"001010004 쌍문4동",7117,18021,8471,9550,17956,8459,9497,3664
"001010005 방학1동",12892,27702,13668,14034,27433,13564,13869,6606
"001010006 방학2동",9110,18463,9291,9172,18265,9202,9063,4885
"001010007 방학3동",9935,26030,12562,13468,25951,12542,13409,5938
"001011 노원구",218369,500045,239443,260602,495183,237415,257768,98515
"001011001 월계1동",9955,21164,10830,10334,20389,10472,9917,4501
"001011002 월계2동",11708,25547,12229,13318,25397,12173,13224,6459
"001011003 월계3동",12879,28665,13664,15001,28508,13609,14899,6783
"001011005 공릉1동",18681,36590,17642,18948,35863,17328,18535,7330
"001011006 공릉2동",17919,42337,20425,21912,41428,20087,21341,6444
"001011008 하계1동",12395,26751,12756,13995,26129,12484,13645,5056
"001011009 하계2동",8178,21142,10046,11096,21077,10021,11056,3678
"001011010 중계본동",8098,22879,11089,11790,22807,11057,11750,2797
"001011011 중계1동",8947,26356,12841,13515,26255,12803,13452,2813
"001011014 중계4동",8216,19232,9282,9950,19049,9135,9914,4306
"001011025 중계2.3동",14899,32221,14630,17591,32101,14589,17512,8017
"001011015 상계1동",15563,36829,17650,19179,36669,17588,19081,8168
"001011016 상계2동",8556,19175,9425,9750,18993,9353,9640,3852
"001011027 상계3.4동",12431,27444,13610,13834,27338,13578,13760,6736
"001011019 상계5동",10896,22937,11108,11829,22786,11057,11729,5593
"001011028 상계6.7동",13914,31374,14439,16935,31208,14377,16831,5618
"001011022 상계8동",9137,21721,10305,11416,21663,10293,11370,3294
"001011023 상계9동",8348,19560,9148,10412,19467,9115,10352,3948
"001011024 상계10동",7649,18121,8324,9797,18056,8296,9760,3122
"001012 은평구",216345,468976,221990,246986,464738,220328,244410,96177
"001012001 녹번동",17564,36263,16948,19315,35875,16786,19089,7799
"001012002 불광1동",17954,37783,17718,20065,37519,17604,19915,8520
"001012003 불광2동",14133,26904,12934,13970,26674,12843,13831,6589
"001012005 갈현1동",7252,14453,6981,7472,14303,6924,7379,3230
"001012006 갈현2동",12667,27637,12998,14639,27381,12904,14477,5662
"001012007 구산동",13522,31439,15141,16298,31227,15059,16168,6860
"001012008 대조동",15559,27854,12794,15060,27458,12649,14809,5509
"001012009 응암1동",15144,32784,15273,17511,32448,15139,17309,5809
"001012010 응암2동",11042,27486,13262,14224,27281,13175,14106,4366
"001012011 응암3동",12572,23759,11426,12333,23347,11269,12078,6112
"001012022 역촌동",20656,43990,20550,23440,43546,20367,23179,9442
"001012015 신사1동",12062,26555,12684,13871,26340,12611,13729,5651
"001012016 신사2동",8740,19029,9365,9664,18869,9321,9548,4234
"001012017 증산동",7725,17845,8691,9154,17696,8621,9075,3721
"001012018 수색동",8478,21151,10205,10946,20961,10129,10832,3285
"001012021 진관동",21275,54044,25020,29024,53813,24927,28886,9388
"001013 서대문구",147312,320010,149129,170881,305369,144660,160709,59275
"001013002 천연동",7668,16731,7888,8843,16546,7786,8760,3439
"001013023 북아현동",7116,15817,7554,8263,15505,7429,8076,2471
"001013022 충현동",10081,20073,9664,10409,19623,9451,10172,3670
"001013024 신촌동",15185,27212,10150,17062,20470,8683,11787,2216
"001013025 연희동",18746,37133,17355,19778,33896,16117,17779,6505
"001013011 홍제1동",11074,24852,11615,13237,24610,11512,13098,5172
"001013013 홍제3동",7997,17718,8462,9256,17558,8400,9158,4156
"001013012 홍제2동",5760,13224,6177,7047,13114,6136,6978,2959
"001013015 홍은1동",9688,22340,10728,11612,22102,10637,11465,4951
"001013016 홍은2동",13127,29247,13885,15362,28384,13563,14821,5782
"001013018 남가좌1동",6164,16929,8088,8841,16689,7991,8698,2415
"001013019 남가좌2동",13387,30374,14352,16022,28999,13914,15085,5298
"001013020 북가좌1동",6777,17587,8381,9206,17467,8338,9129,3289
"001013021 북가좌2동",14542,30773,14830,15943,30406,14703,15703,6952
"001014 마포구",181651,373980,173121,200859,363029,169292,193737,59004
"001014028 아현동",12360,29511,13699,15812,29011,13478,15533,3818
"001014027 공덕동",18542,36947,17199,19748,36298,16890,19408,6450
"001014025 도화동",9372,20898,9902,10996,20651,9781,10870,4032
"001014009 용강동",9291,21692,10198,11494,21300,10012,11288,3221
"001014010 대흥동",8751,16125,7463,8662,14415,6980,7435,2032
"001014011 염리동",7814,17721,8240,9481,16862,8009,8853,2215
"001014013 신수동",10105,22591,10977,11614,22203,10826,11377,3600
"001014026 서강동",12237,25369,11968,13401,24601,11731,12870,3548
"001014016 서교동",15269,26100,11588,14512,23949,10957,12992,3460
"001014018 합정동",9171,16491,7558,8933,16157,7429,8728,2720
"001014019 망원1동",10145,19267,8893,10374,18963,8762,10201,3568
"001014020 망원2동",8329,17899,8300,9599,17673,8224,9449,3357
"001014021 연남동",8351,15106,6982,8124,14193,6644,7549,2519
"001014022 성산1동",9502,18811,8700,10111,18444,8560,9884,3201
"001014023 성산2동",19651,39085,17239,21846,38690,17128,21562,6700
"001014024 상암동",12761,30367,14215,16152,29619,13881,15738,4563
"001015 양천구",180679,436595,212591,224004,433307,211254,222053,78399
"001015001 목1동",10336,30283,14521,15762,30134,14446,15688,3771
"001015002 목2동",13319,28893,13933,14960,28651,13841,14810,4799
"001015003 목3동",10135,21291,10069,11222,21114,9998,11116,3913
"001015004 목4동",9989,24398,11859,12539,24239,11799,12440,3654
"001015005 목5동",13442,40656,20101,20555,40541,20051,20490,5441
"001015007 신월1동",9974,19463,9982,9481,19214,9878,9336,4808
"001015008 신월2동",8704,20884,10185,10699,20700,10109,10591,4540
"001015009 신월3동",7658,14337,7511,6826,14146,7431,6715,3364
"001015010 신월4동",6846,17421,8428,8993,17310,8393,8917,3781
"001015011 신월5동",6368,14086,6934,7152,13948,6882,7066,2821
"001015012 신월6동",5371,13850,6757,7093,13789,6732,7057,2221
"001015013 신월7동",9046,18618,9006,9612,18475,8964,9511,4785
"001015014 신정1동",6922,19698,9558,10140,19601,9515,10086,3042
"001015015 신정2동",6817,18723,9176,9547,18636,9134,9502,2981
"001015016 신정3동",19654,49412,23800,25612,49075,23657,25418,8766
"001015017 신정4동",16406,32318,15617,16701,31651,15347,16304,6658
"001015019 신정6동",8196,23927,11595,12332,23903,11584,12319,3327
"001015020 신정7동",11496,28337,13559,14778,28180,13493,14687,5727
"001016 강서구",274010,565133,270394,294739,559335,267927,291408,105023
"001016001 염창동",16711,41437,19895,21542,41299,19839,21460,5083
"001016002 등촌1동",14393,25283,11600,13683,25039,11516,13523,3341
"001016003 등촌2동",8546,19332,9428,9904,19192,9369,9823,3639
"001016004 등촌3동",15104,29377,13787,15590,29198,13718,15480,7703
"001016006 화곡1동",27974,51286,24815,26471,50224,24376,25848,9479
"001016007 화곡2동",8172,17267,8288,8979,16977,8173,8804,3220
"001016008 화곡3동",9697,21107,10028,11079,20949,9963,10986,4671
"001016009 화곡4동",9618,19800,9705,10095,19490,9569,9921,4350
"001016005 화곡본동",17434,33103,15961,17142,32693,15819,16874,5655
"001016011 화곡6동",13570,26155,12463,13692,25883,12362,13521,4562
"001016013 화곡8동",11521,23410,11268,12142,23001,11089,11912,4877
"001016014 가양1동",20844,33905,15216,18689,33639,15112,18527,3692
"001016015 가양2동",7980,13406,6282,7124,13340,6264,7076,4670
"001016016 가양3동",7708,14058,6469,7589,13965,6431,7534,4062
"001016017 발산1동",13575,35693,16873,18820,35391,16685,18706,5626
"001016023 우장산동",16834,43845,20901,22944,43582,20789,22793,6805
"001016019 공항동",13800,29955,15146,14809,29417,14855,14562,4697
"001016020 방화1동",17179,41862,20419,21443,41594,20306,21288,7570
"001016021 방화2동",12173,22902,11303,11599,22638,11183,11455,5412
"001016022 방화3동",11177,21950,10547,11403,21824,10509,11315,5909
"001017 구로구",184097,413099,203345,209754,390169,191177,198992,81973
"001017001 신도림동",14399,36352,17477,18875,36047,17340,18707,5402
"001017002 구로1동",8403,20687,10082,10605,20479,9985,10494,3238
"001017003 구로2동",12121,28719,14763,13956,22305,11208,11097,6506
"001017004 구로3동",13590,24891,12831,12060,23118,11937,11181,3923
"001017005 구로4동",10281,22269,10928,11341,18438,8850,9588,5185
"001017006 구로5동",15761,31736,15496,16240,29145,14172,14973,5459
"001017020 가리봉동",6043,12342,6923,5419,8737,4808,3929,2323
"001017011 고척1동",11746,26938,13446,13492,26648,13304,13344,4991
"001017012 고척2동",11451,26083,12840,13243,25624,12617,13007,5929
"001017013 개봉1동",14923,33560,16595,16965,32812,16249,16563,7279
"001017014 개봉2동",12244,29951,14465,15486,29504,14256,15248,7263
"001017015 개봉3동",8651,19821,9611,10210,19404,9414,9990,4836
"001017017 오류1동",12779,23284,11089,12195,22604,10786,11818,4501
"001017018 오류2동",15474,37076,17659,19417,36483,17367,19116,7918
"001017019 수궁동",9945,22970,11206,11764,22556,11012,11544,5198
"001017021 항동",6286,16420,7934,8486,16265,7872,8393,2022
"001018 금천구",121223,240153,121075,119078,226672,114031,112641,46764
"001018001 가산동",18488,27425,14813,12612,24995,13471,11524,3154
"001018002 독산1동",25837,48707,24708,23999,46979,23837,23142,6837
"001018003 독산2동",9322,18915,9556,9359,17622,8896,8726,4038
"001018004 독산3동",12775,26534,13473,13061,23300,11711,11589,5435
"001018005 독산4동",7512,15996,8044,7952,14374,7202,7172,3345
"001018007 시흥1동",16396,33504,16611,16893,31846,15784,16062,7057
"001018008 시흥2동",8190,20460,9779,10681,20337,9724,10613,4647
"001018009 시흥3동",4648,10358,5108,5250,10211,5037,5174,2632
"001018010 시흥4동",8950,19741,9768,9973,19077,9442,9635,4784
"001018011 시흥5동",9105,18513,9215,9298,17931,8927,9004,4835
"001019 영등포구",192064,397771,195198,202573,375040,183512,191528,69230
"001019023 영등포본동",10423,22464,11499,10965,20698,10584,10114,4695
"001019024 영등포동",22282,31883,16148,15735,31034,15773,15261,3669
"001019004 여의동",14087,34054,16004,18050,33693,15824,17869,6748
"001019005 당산1동",11866,21601,10353,11248,21178,10183,10995,3698
"001019006 당산2동",18951,37009,17232,19777,36590,17057,19533,5142
"001019025 도림동",9771,19553,9871,9682,17672,8943,8729,3705
"001019026 문래동",13181,32247,15682,16565,32025,15578,16447,5073
"001019011 양평1동",10003,18477,8829,9648,18192,8703,9489,2568
"001019012 양평2동",11340,23043,11153,11890,22826,11074,11752,2919
"001019013 신길1동",11655,20552,10425,10127,19257,9747,9510,3909
"001019015 신길3동",7535,16872,8330,8542,15939,7839,8100,3506
"001019016 신길4동",5729,12759,6315,6444,12082,5968,6114,2665
"001019017 신길5동",4499,10735,5240,5495,9768,4726,5042,2298
"001019018 신길6동",8715,18194,8880,9314,17557,8572,8985,3601
"001019019 신길7동",7891,19920,9878,10042,19737,9787,9950,2863
"001019020 대림1동",6863,16065,8046,8019,13652,6761,6891,3505
"001019021 대림2동",6937,17467,8842,8625,11700,5698,6002,3402
"001019022 대림3동",10336,24876,12471,12405,21440,10695,10745,5264
"001020 동작구",187662,389541,187445,202096,378324,182931,195393,71823
"001020001 노량진1동",17554,33440,16892,16548,32636,16586,16050,6288
"001020002 노량진2동",6032,9653,5098,4555,8788,4636,4152,1976
"001020003 상도1동",22861,46523,22173,24350,44209,21451,22758,7842
"001020004 상도2동",12509,27764,13182,14582,27411,13062,14349,4668
"001020005 상도3동",12244,24249,11500,12749,23857,11333,12524,4987
"001020006 상도4동",14488,28748,13856,14892,28355,13732,14623,5786
"001020021 흑석동",13083,32491,15405,17086,30236,14651,15585,5365
"001020013 사당1동",13919,22948,11026,11922,22469,10824,11645,4112
"001020014 사당2동",12561,28426,13596,14830,28111,13453,14658,6169
"001020015 사당3동",10443,23971,11596,12375,23663,11435,12228,4984
"001020016 사당4동",7323,13949,6654,7295,13768,6575,7193,2999
"001020017 사당5동",6733,14194,6784,7410,14075,6729,7346,2568
"001020018 대방동",16761,35926,16922,19004,35580,16761,18819,5977
"001020019 신대방1동",10490,25046,12123,12923,23223,11167,12056,4475
"001020020 신대방2동",10661,22213,10638,11575,21943,10536,11407,3627
"001021 관악구",286338,497632,248813,248819,481145,242251,238894,87267
"001021028 보라매동",13004,24024,11786,12238,23576,11601,11975,4963
"001021029 청림동",6400,14746,7071,7675,14634,7026,7608,2990
"001021043 성현동",12268,28297,13623,14674,28103,13541,14562,5890
"001021030 행운동",18371,29479,14180,15299,28913,13995,14918,4714
"001021031 낙성대동",12214,17994,8973,9021,17455,8764,8691,2143
"001021044 청룡동",24415,37038,17731,19307,35961,17330,18631,5051
"001021042 은천동",16091,32727,15965,16762,32218,15767,16451,6422
"001021032 중앙동",10377,15675,7462,8213,15288,7329,7959,2543
"001021033 인헌동",14774,25614,12355,13259,25200,12208,12992,4366
"001021013 남현동",9902,17855,8583,9272,17648,8510,9138,3127
"001021034 서원동",15361,23905,12425,11480,23078,12122,10956,3585
"001021035 신원동",11339,18458,9374,9084,17562,9022,8540,3517
"001021036 서림동",15350,24759,13534,11225,23427,13032,10395,3899
"001021037 신사동",14569,24410,12153,12257,22231,11135,11096,3929
"001021038 신림동",19143,23981,12608,11373,23002,12282,10720,2115
"001021039 난향동",6181,14811,7225,7586,14683,7159,7524,3031
"001021040 조원동",12316,21113,10496,10617,19672,9802,9870,3341
"001021041 대학동",17624,27453,16048,11405,24381,14945,9436,3372
"001021046 삼성동",9612,19885,9855,10030,19748,9794,9954,5835
"001021047 미성동",14194,29811,14606,15205,29252,14340,14912,6502
"001021045 난곡동",12833,25597,12760,12837,25113,12547,12566,5932
"001022 서초구",170464,411959,196029,215930,407404,193838,213566,67191
"001022001 서초1동",9507,20470,9818,10652,20254,9736,10518,3344
"001022002 서초2동",11460,25186,11911,13275,24752,11666,13086,3252
"001022003 서초3동",15403,32434,15369,17065,32025,15177,16848,5346
"001022004 서초4동",10724,30495,14879,15616,30208,14731,15477,4593
"001022005 잠원동",10668,26941,12984,13957,26726,12884,13842,3693
"001022006 반포본동",110,235,107,128,226,101,125,37
"001022007 반포1동",14691,34191,16684,17507,33778,16513,17265,4428
"001022008 반포2동",7989,24641,11662,12979,24503,11597,12906,3571
"001022009 반포3동",8241,23885,11346,12539,23804,11304,12500,3517
"001022010 반포4동",7082,19325,9082,10243,18549,8668,9881,3245
"001022011 방배본동",7826,20167,9333,10834,20002,9243,10759,3361
"001022012 방배1동",7522,16583,7711,8872,16454,7654,8800,3232
"001022013 방배2동",7852,18110,8414,9696,17987,8360,9627,3764
"001022014 방배3동",5903,15985,7603,8382,15812,7532,8280,3162
"001022015 방배4동",9604,22960,10402,12558,22637,10250,12387,3824
"001022016 양재1동",17740,41849,19826,22023,41506,19679,21827,7908
"001022017 양재2동",11057,21450,10680,10770,21188,10554,10634,3321
"001022018 내곡동",7085,17052,8218,8834,16993,8189,8804,3593
"001023 강남구",245046,562136,268628,293508,556570,266101,290469,89719
"001023001 신사동",6704,15592,7283,8309,15364,7171,8193,3189
"001023002 논현1동",13518,21536,10136,11400,20823,9856,10967,3094
"001023003 논현2동",11243,20654,9547,11107,20282,9394,10888,3267
"001023027 압구정동",9997,25674,11913,13761,25499,11817,13682,5457
"001023028 청담동",10791,24754,11532,13222,24501,11390,13111,3995
"001023008 삼성1동",5206,12311,6077,6234,11989,5866,6123,2308
"001023009 삼성2동",13839,30840,14784,16056,30509,14615,15894,4142
"001023010 대치1동",7220,23810,11918,11892,23768,11895,11873,2837
"001023011 대치2동",13270,38295,19477,18818,38124,19374,18750,5731
"001023013 대치4동",9713,18753,8955,9798,18441,8840,9601,2146
"001023014 역삼1동",23798,35457,17244,18213,34237,16737,17500,3899
"001023015 역삼2동",15676,36608,17065,19543,36256,16903,19353,3950
"001023016 도곡1동",8231,20615,9765,10850,20484,9708,10776,3273
"001023017 도곡2동",11443,32427,15077,17350,32338,15026,17312,5354
"001023018 개포1동",8840,25323,12233,13090,25269,12208,13061,4005
"001023019 개포2동",14871,41972,20322,21650,41847,20264,21583,5543
"001023020 개포3동",7358,16788,8102,8686,16722,8073,8649,3726
"001023021 개포4동",10079,23245,11159,12086,23082,11091,11991,3755
"001023026 세곡동",20142,46368,21659,24709,46171,21582,24589,7553
"001023022 일원본동",7990,22693,11176,11517,22664,11165,11499,3654
"001023023 일원1동",7445,14503,6972,7531,14353,6922,7431,3614
"001023025 수서동",7672,13918,6232,7686,13847,6204,7643,5227
"001024 송파구",287380,658768,315963,342805,652752,313205,339547,111724
"001024001 풍납1동",5534,12125,5956,6169,11645,5714,5931,2930
"001024002 풍납2동",10477,23584,11165,12419,23363,11069,12294,4320
"001024003 거여1동",5567,11936,5924,6012,11854,5895,5959,2675
"001024004 거여2동",10076,23536,11448,12088,23436,11403,12033,4722
"001024005 마천1동",8516,17912,9132,8780,17742,9070,8672,4596
"001024006 마천2동",8477,17466,8900,8566,17305,8829,8476,4473
"001024007 방이1동",6166,15187,7261,7926,15083,7220,7863,2559
"001024008 방이2동",16008,26974,12302,14672,26372,12030,14342,3927
"001024009 오륜동",5893,17712,8687,9025,17682,8669,9013,3354
"001024010 오금동",15984,38282,18512,19770,38009,18378,19631,7540
"001024011 송파1동",12558,23613,10897,12716,23336,10763,12573,3819
"001024012 송파2동",7241,18765,9042,9723,18633,8978,9655,3296
"001024013 석촌동",17134,31237,14733,16504,30673,14492,16181,5087
"001024014 삼전동",16178,29297,13647,15650,28890,13467,15423,4474
"001024015 가락본동",11562,25313,12462,12851,25024,12336,12688,4374
"001024016 가락1동",9760,27616,13344,14272,27390,13233,14157,4071
"001024017 가락2동",12410,31249,15197,16052,31064,15109,15955,4976
"001024018 문정1동",8946,20031,9813,10218,19862,9733,10129,3477
"001024019 문정2동",15906,28997,13285,15712,28824,13211,15613,4477
"001024020 장지동",12057,28457,13668,14789,28283,13591,14692,5043
"001024029 위례동",14858,45178,21955,23223,45021,21896,23125,3984
"001024021 잠실본동",16231,28242,13425,14817,27682,13180,14502,4220
"001024023 잠실2동",11559,34951,16733,18218,34862,16679,18183,4066
"001024024 잠실3동",11866,33957,16035,17922,33829,15966,17863,6448
"001024025 잠실4동",7231,21150,10207,10943,21088,10177,10911,3218
"001024027 잠실6동",5828,16617,7875,8742,16429,7766,8663,3236
"001024028 잠실7동",3357,9384,4358,5026,9371,4351,5020,2362
"001025 강동구",205956,466924,227732,239192,462646,225871,236775,85571
"001025001 강일동",13768,34800,16640,18160,34600,16581,18019,6454
"001025024 상일1동",13585,39379,19353,20026,39261,19303,19958,5361
"001025025 상일2동",5371,13683,6385,7298,13627,6368,7259,2101
"001025003 명일1동",10023,25194,12277,12917,25090,12239,12851,4679
"001025004 명일2동",6414,16901,8217,8684,16834,8197,8637,3014
"001025005 고덕1동",8163,23943,12217,11726,23859,12173,11686,3314
"001025006 고덕2동",9622,25109,12624,12485,24926,12515,12411,3535
"001025007 암사1동",16062,33858,16720,17138,33565,16605,16960,6924
"001025008 암사2동",6404,14814,7117,7697,14743,7092,7651,2716
"001025009 암사3동",6082,17219,8428,8791,17176,8409,8767,3056
"001025011 천호1동",12895,26059,12717,13342,25772,12597,13175,5896
"001025012 천호2동",17486,33194,16111,17083,32570,15826,16744,6554
"001025013 천호3동",14741,26794,12914,13880,26260,12632,13628,5166
"001025015 성내1동",8209,19425,9287,10138,19278,9236,10042,3457
"001025016 성내2동",13778,24541,11937,12604,23971,11663,12308,4917
"001025017 성내3동",10641,22599,11004,11595,22238,10853,11385,4425
"001025022 길동",22244,45121,21911,23210,44725,21760,22965,9294
"001025020 둔촌1동",32,60,32,28,51,28,23,10
"001025021 둔촌2동",10436,24231,11841,12390,24100,11794,12306,4698
