model,event,threshold,hypothesis,term,estimate,std_error,ci95_low,ci95_high,p_value,irr,relative_percent,irr_ci95_low,irr_ci95_high
H1_HAC_LOG_RATIO,boarding,p90_p10,cold_primary,cold_primary,-0.008834607597190819,0.011839342179775388,-0.03203929187019652,0.014370076675814879,0.4555419931574246,0.9912043028779369,-0.8795697122063073,0.9684685283918952,1.0144738225775052
H1_HAC_LOG_RATIO,boarding,p90_p10,hot_primary,hot_primary,-0.011946980043216949,0.009367843727842867,-0.030307616362588406,0.006413656276154511,0.20219669725300404,0.9881241017702616,-1.1875898229738446,0.9701470545342559,1.0064342678111073
H1_PPML,alighting,p90_p10,h1_cold_senior_differential,senior_x_cold,-0.008033202509925619,0.015281976972463035,-0.037985326988523624,0.021918921968672383,0.5991208911200703,0.9919989774343669,-0.8001022565633065,0.9627270668928649,1.0221609063167008
H1_PPML,alighting,p90_p10,h1_hot_senior_differential,senior_x_hot,-0.010953924547649815,0.010873487842548851,-0.0322655691053797,0.010357720010080066,0.31374378875799347,0.9891058512249924,-1.0894148775007606,0.9682494108025249,1.010411546872656
H1_PPML,boarding,p95_p05,h1_cold_senior_differential,senior_x_cold,-0.011187790214378573,0.01980257310836897,-0.050000120308003146,0.027624539879246,0.5720965573517022,0.9888745603721792,-1.1125439627820755,0.9512293100602083,1.0280096353311234
H1_PPML,boarding,p95_p05,h1_hot_senior_differential,senior_x_hot,-0.001094527075382802,0.015532800072431322,-0.031538255796409335,0.02934920164564373,0.9438231310008213,0.9989060717008977,-0.10939282991022647,0.96895388764204,1.0297841340098326
H2_HAC_DELTA_LOG_RATIO,boarding,p90_p10,cold_primary,cold_primary,0.001788824904572807,0.042329106167013825,-0.08117469868054658,0.08475234848969221,0.9662914909535105,1.0017904258062778,0.17904258062777512,0.9220325994951896,1.0884474776559776
H2_HAC_DELTA_LOG_RATIO,boarding,p90_p10,hot_primary,hot_primary,-0.0798960720026074,0.06052135790835632,-0.19851575379844416,0.03872360979322936,0.18679155306638173,0.9232122890053519,-7.678771099464809,0.8199468533611934,1.0394831409823666
H2_PPML,alighting,p90_p10,h2_cold_daytime_amplification,senior_x_cold_x_daytime,-0.008247685295524443,0.03836656037613597,-0.08344476184343246,0.06694939125238357,0.8297901837594062,0.9917862335461421,-0.8213766453857851,0.9199419011625436,1.0692413638389588
H2_PPML,alighting,p90_p10,h2_cold_senior_differential_during_daytime,senior_x_cold + senior_x_cold_x_daytime,-0.017483353531166992,0.02669947696101999,-0.0698133667808231,0.03484665971848912,0.5125836033283407,0.9826685934910375,-1.7331406508962477,0.9325678518056596,1.0354609187567039
H2_PPML,alighting,p90_p10,h2_hot_daytime_amplification,senior_x_hot_x_daytime,-0.04864949675791772,0.03507630539369918,-0.11739779204029616,0.020098798524460705,0.16545340194401303,0.9525149307672748,-4.748506923272522,0.8892313936283904,1.0203021393931355
H2_PPML,alighting,p90_p10,h2_hot_senior_differential_during_daytime,senior_x_hot + senior_x_hot_x_daytime,-0.039797174274119065,0.026906397500477516,-0.09253274432877354,0.012938395780535399,0.13911436755871612,0.9609843317316843,-3.9015668268315706,0.9116193601116975,1.0130224589796335
H2_PPML,boarding,p95_p05,h2_cold_daytime_amplification,senior_x_cold_x_daytime,-0.02247837469882924,0.04391710885817972,-0.10855432636598647,0.06359757696832799,0.608765515935513,0.9777723815869369,-2.222761841306309,0.8971301556718981,1.0656634649385666
H2_PPML,boarding,p95_p05,h2_cold_senior_differential_during_daytime,senior_x_cold + senior_x_cold_x_daytime,-0.02534804284628201,0.029572862424818738,-0.08330978811868459,0.032613702426120564,0.3913682730262035,0.9749705214551998,-2.50294785448002,0.9200660775275799,1.0331513582817968
H2_PPML,boarding,p95_p05,h2_hot_daytime_amplification,senior_x_hot_x_daytime,-0.02646371930981415,0.03590680107541033,-0.09683975621766247,0.04391231759803418,0.4611154577672324,0.9738833763556418,-2.6116623644358183,0.9077014479931442,1.0448907323424563
H2_PPML,boarding,p95_p05,h2_hot_senior_differential_during_daytime,senior_x_hot + senior_x_hot_x_daytime,-0.013899904157746527,0.02287374693155587,-0.058731624335079606,0.03093181601958655,0.5434001472485017,0.9861962534672071,-1.3803746532792927,0.9429598026655965,1.031415175496791
