date,support_cells,temperature_max,temperature_min,hot_primary,cold_primary,hot_sensitivity,cold_sensitivity,month,day_of_week,age_group,count,senior
2024-01-01,4860,7.3,-0.3,False,False,False,False,1,0,non_senior,1520211,0
2024-01-01,4860,7.3,-0.3,False,False,False,False,1,0,senior,267552,1
2024-01-02,4860,4.3,2.2,False,False,False,False,1,1,non_senior,3650139,0
2024-01-02,4860,4.3,2.2,False,False,False,False,1,1,senior,571671,1
2024-01-03,4860,4.0,-1.1,False,False,False,False,1,2,non_senior,3799892,0
2024-01-03,4860,4.0,-1.1,False,False,False,False,1,2,senior,590087,1
2024-01-04,4860,4.7,-3.3,False,True,False,False,1,3,non_senior,3855587,0
2024-01-04,4860,4.7,-3.3,False,True,False,False,1,3,senior,616400,1
2024-01-05,4860,9.1,1.4,False,False,False,False,1,4,non_senior,3980945,0
2024-01-05,4860,9.1,1.4,False,False,False,False,1,4,senior,630000,1
2024-01-06,4860,5.2,-2.7,False,False,False,False,1,5,non_senior,2715776,0
2024-01-06,4860,5.2,-2.7,False,False,False,False,1,5,senior,499807,1
2024-01-07,4860,-0.9,-8.3,False,True,False,True,1,6,non_senior,1918641,0
2024-01-07,4860,-0.9,-8.3,False,True,False,True,1,6,senior,346694,1
2024-01-08,4860,0.0,-10.3,False,True,False,True,1,0,non_senior,3689113,0
2024-01-08,4860,0.0,-10.3,False,True,False,True,1,0,senior,568226,1
2024-01-09,4860,0.4,-1.9,False,False,False,False,1,1,non_senior,3888447,0
2024-01-09,4860,0.4,-1.9,False,False,False,False,1,1,senior,564838,1
2024-01-10,4860,3.3,-4.1,False,True,False,False,1,2,non_senior,3904975,0
2024-01-10,4860,3.3,-4.1,False,True,False,False,1,2,senior,623044,1
2024-01-11,4860,4.5,-2.4,False,False,False,False,1,3,non_senior,3882425,0
2024-01-11,4860,4.5,-2.4,False,False,False,False,1,3,senior,635746,1
2024-01-12,4860,4.2,-1.4,False,False,False,False,1,4,non_senior,4026845,0
2024-01-12,4860,4.2,-1.4,False,False,False,False,1,4,senior,641250,1
2024-01-13,4860,6.4,-3.8,False,True,False,False,1,5,non_senior,2774254,0
2024-01-13,4860,6.4,-3.8,False,True,False,False,1,5,senior,528386,1
2024-01-14,4860,2.4,-3.3,False,True,False,False,1,6,non_senior,1848476,0
2024-01-14,4860,2.4,-3.3,False,True,False,False,1,6,senior,339639,1
2024-01-15,4860,0.9,-6.9,False,True,False,True,1,0,non_senior,3721713,0
2024-01-15,4860,0.9,-6.9,False,True,False,True,1,0,senior,599166,1
2024-01-16,4860,4.3,-7.2,False,True,False,True,1,1,non_senior,3821009,0
2024-01-16,4860,4.3,-7.2,False,True,False,True,1,1,senior,626297,1
2024-01-17,4860,1.9,-2.3,False,False,False,False,1,2,non_senior,3900752,0
2024-01-17,4860,1.9,-2.3,False,False,False,False,1,2,senior,600467,1
2024-01-18,4860,9.4,1.4,False,False,False,False,1,3,non_senior,3895022,0
2024-01-18,4860,9.4,1.4,False,False,False,False,1,3,senior,638821,1
2024-01-19,4860,9.0,4.0,False,False,False,False,1,4,non_senior,4023950,0
2024-01-19,4860,9.0,4.0,False,False,False,False,1,4,senior,658478,1
2024-01-20,4860,4.9,1.9,False,False,False,False,1,5,non_senior,2761548,0
2024-01-20,4860,4.9,1.9,False,False,False,False,1,5,senior,512624,1
2024-01-21,4860,4.3,-2.4,False,False,False,False,1,6,non_senior,1933483,0
2024-01-21,4860,4.3,-2.4,False,False,False,False,1,6,senior,374081,1
2024-01-22,4860,-2.4,-11.9,False,True,False,True,1,0,non_senior,3652792,0
2024-01-22,4860,-2.4,-11.9,False,True,False,True,1,0,senior,562294,1
2024-01-23,4860,-8.2,-14.0,False,True,False,True,1,1,non_senior,3620486,0
2024-01-23,4860,-8.2,-14.0,False,True,False,True,1,1,senior,507840,1
2024-01-24,4860,-3.7,-11.2,False,True,False,True,1,2,non_senior,3732052,0
2024-01-24,4860,-3.7,-11.2,False,True,False,True,1,2,senior,551496,1
2024-01-25,4860,-0.5,-9.7,False,True,False,True,1,3,non_senior,3821913,0
2024-01-25,4860,-0.5,-9.7,False,True,False,True,1,3,senior,608028,1
2024-01-26,4860,4.0,-6.9,False,True,False,True,1,4,non_senior,3972549,0
2024-01-26,4860,4.0,-6.9,False,True,False,True,1,4,senior,649389,1
2024-01-27,4860,4.6,-4.6,False,True,False,False,1,5,non_senior,2746879,0
2024-01-27,4860,4.6,-4.6,False,True,False,False,1,5,senior,521500,1
2024-01-28,4860,3.8,-5.0,False,True,False,True,1,6,non_senior,1953168,0
2024-01-28,4860,3.8,-5.0,False,True,False,True,1,6,senior,382265,1
2024-01-29,4860,4.6,-4.8,False,True,False,True,1,0,non_senior,3715427,0
2024-01-29,4860,4.6,-4.8,False,True,False,True,1,0,senior,632654,1
2024-01-30,4860,8.1,-4.0,False,True,False,False,1,1,non_senior,3830894,0
2024-01-30,4860,8.1,-4.0,False,True,False,False,1,1,senior,644616,1
2024-01-31,4860,10.6,0.7,False,False,False,False,1,2,non_senior,3859272,0
2024-01-31,4860,10.6,0.7,False,False,False,False,1,2,senior,640797,1
2024-02-01,4860,8.2,-1.3,False,False,False,False,2,3,non_senior,3880471,0
2024-02-01,4860,8.2,-1.3,False,False,False,False,2,3,senior,636151,1
2024-02-02,4860,7.9,0.7,False,False,False,False,2,4,non_senior,4016235,0
2024-02-02,4860,7.9,0.7,False,False,False,False,2,4,senior,648524,1
2024-02-03,4860,8.3,-0.2,False,False,False,False,2,5,non_senior,2670669,0
2024-02-03,4860,8.3,-0.2,False,False,False,False,2,5,senior,505705,1
2024-02-04,4860,12.2,3.7,False,False,False,False,2,6,non_senior,1972188,0
2024-02-04,4860,12.2,3.7,False,False,False,False,2,6,senior,403183,1
2024-02-05,4860,6.6,0.1,False,False,False,False,2,0,non_senior,3774885,0
2024-02-05,4860,6.6,0.1,False,False,False,False,2,0,senior,599878,1
2024-02-06,4860,2.9,0.0,False,False,False,False,2,1,non_senior,3884534,0
2024-02-06,4860,2.9,0.0,False,False,False,False,2,1,senior,634941,1
2024-02-07,4860,2.7,-0.9,False,False,False,False,2,2,non_senior,3880084,0
2024-02-07,4860,2.7,-0.9,False,False,False,False,2,2,senior,630738,1
2024-02-08,4860,6.2,-3.0,False,False,False,False,2,3,non_senior,3720800,0
2024-02-08,4860,6.2,-3.0,False,False,False,False,2,3,senior,578407,1
2024-02-09,4860,6.1,-2.5,False,False,False,False,2,4,non_senior,1529871,0
2024-02-09,4860,6.1,-2.5,False,False,False,False,2,4,senior,252211,1
2024-02-10,4860,7.4,-1.5,False,False,False,False,2,5,non_senior,1245732,0
2024-02-10,4860,7.4,-1.5,False,False,False,False,2,5,senior,170916,1
2024-02-11,4860,5.5,-3.1,False,True,False,False,2,6,non_senior,1661809,0
2024-02-11,4860,5.5,-3.1,False,True,False,False,2,6,senior,287111,1
2024-02-12,4860,10.5,-2.9,False,False,False,False,2,0,non_senior,1768236,0
2024-02-12,4860,10.5,-2.9,False,False,False,False,2,0,senior,345204,1
2024-02-13,4860,13.7,2.0,False,False,False,False,2,1,non_senior,3630948,0
2024-02-13,4860,13.7,2.0,False,False,False,False,2,1,senior,603161,1
2024-02-14,4860,18.3,8.8,False,False,False,False,2,2,non_senior,3966444,0
2024-02-14,4860,18.3,8.8,False,False,False,False,2,2,senior,638518,1
2024-02-15,4860,11.6,0.6,False,False,False,False,2,3,non_senior,3912384,0
2024-02-15,4860,11.6,0.6,False,False,False,False,2,3,senior,587700,1
2024-02-16,4860,8.1,-1.5,False,False,False,False,2,4,non_senior,4160912,0
2024-02-16,4860,8.1,-1.5,False,False,False,False,2,4,senior,666618,1
2024-02-17,4860,11.7,-1.2,False,False,False,False,2,5,non_senior,2972147,0
2024-02-17,4860,11.7,-1.2,False,False,False,False,2,5,senior,559598,1
2024-02-18,4860,9.4,1.2,False,False,False,False,2,6,non_senior,2066821,0
2024-02-18,4860,9.4,1.2,False,False,False,False,2,6,senior,385683,1
2024-02-19,4860,11.9,4.2,False,False,False,False,2,0,non_senior,3748811,0
2024-02-19,4860,11.9,4.2,False,False,False,False,2,0,senior,590837,1
2024-02-20,4860,6.8,2.8,False,False,False,False,2,1,non_senior,3945711,0
2024-02-20,4860,6.8,2.8,False,False,False,False,2,1,senior,648944,1
2024-02-21,4860,4.0,0.0,False,False,False,False,2,2,non_senior,3916046,0
2024-02-21,4860,4.0,0.0,False,False,False,False,2,2,senior,592870,1
2024-02-22,4860,1.6,-1.1,False,False,False,False,2,3,non_senior,4076812,0
2024-02-22,4860,1.6,-1.1,False,False,False,False,2,3,senior,603405,1
2024-02-23,4860,6.1,-1.0,False,False,False,False,2,4,non_senior,4169031,0
2024-02-23,4860,6.1,-1.0,False,False,False,False,2,4,senior,657824,1
2024-02-24,4860,5.9,-1.3,False,False,False,False,2,5,non_senior,2998096,0
2024-02-24,4860,5.9,-1.3,False,False,False,False,2,5,senior,540204,1
2024-02-25,4860,5.9,0.8,False,False,False,False,2,6,non_senior,2155515,0
2024-02-25,4860,5.9,0.8,False,False,False,False,2,6,senior,383504,1
2024-02-26,4860,9.7,-1.2,False,False,False,False,2,0,non_senior,3871777,0
2024-02-26,4860,9.7,-1.2,False,False,False,False,2,0,senior,650236,1
2024-02-27,4860,9.8,1.2,False,False,False,False,2,1,non_senior,3963169,0
2024-02-27,4860,9.8,1.2,False,False,False,False,2,1,senior,661616,1
2024-02-28,4860,10.1,3.2,False,False,False,False,2,2,non_senior,4010528,0
2024-02-28,4860,10.1,3.2,False,False,False,False,2,2,senior,666285,1
2024-02-29,4860,9.6,0.3,False,False,False,False,2,3,non_senior,4086225,0
2024-02-29,4860,9.6,0.3,False,False,False,False,2,3,senior,653032,1
2024-03-01,4860,0.3,-7.1,False,True,False,True,3,4,non_senior,2491228,0
2024-03-01,4860,0.3,-7.1,False,True,False,True,3,4,senior,452793,1
2024-03-02,4860,4.1,-8.1,False,True,False,True,3,5,non_senior,2537972,0
2024-03-02,4860,4.1,-8.1,False,True,False,True,3,5,senior,458674,1
2024-03-03,4860,7.8,0.4,False,False,False,False,3,6,non_senior,1966825,0
2024-03-03,4860,7.8,0.4,False,False,False,False,3,6,senior,393259,1
2024-03-04,4860,11.7,-1.8,False,False,False,False,3,0,non_senior,3844268,0
2024-03-04,4860,11.7,-1.8,False,False,False,False,3,0,senior,647093,1
2024-03-05,4860,11.0,5.5,False,False,False,False,3,1,non_senior,3976694,0
2024-03-05,4860,11.0,5.5,False,False,False,False,3,1,senior,644374,1
2024-03-06,4860,10.3,2.5,False,False,False,False,3,2,non_senior,4048983,0
2024-03-06,4860,10.3,2.5,False,False,False,False,3,2,senior,666569,1
2024-03-07,4860,8.2,1.2,False,False,False,False,3,3,non_senior,4111578,0
2024-03-07,4860,8.2,1.2,False,False,False,False,3,3,senior,651920,1
2024-03-08,4860,6.5,-0.7,False,False,False,False,3,4,non_senior,4247694,0
2024-03-08,4860,6.5,-0.7,False,False,False,False,3,4,senior,666004,1
2024-03-09,4860,7.1,-2.1,False,False,False,False,3,5,non_senior,2956391,0
2024-03-09,4860,7.1,-2.1,False,False,False,False,3,5,senior,554152,1
2024-03-10,4860,10.6,-1.8,False,False,False,False,3,6,non_senior,2146863,0
2024-03-10,4860,10.6,-1.8,False,False,False,False,3,6,senior,418665,1
2024-03-11,4860,10.8,2.0,False,False,False,False,3,0,non_senior,3935349,0
2024-03-11,4860,10.8,2.0,False,False,False,False,3,0,senior,649643,1
2024-03-12,4860,10.0,4.4,False,False,False,False,3,1,non_senior,4025230,0
2024-03-12,4860,10.0,4.4,False,False,False,False,3,1,senior,640677,1
2024-03-13,4860,12.0,1.3,False,False,False,False,3,2,non_senior,4110303,0
2024-03-13,4860,12.0,1.3,False,False,False,False,3,2,senior,683012,1
2024-03-14,4860,15.4,3.4,False,False,False,False,3,3,non_senior,4157085,0
2024-03-14,4860,15.4,3.4,False,False,False,False,3,3,senior,680277,1
2024-03-15,4860,14.5,4.0,False,False,False,False,3,4,non_senior,4272987,0
2024-03-15,4860,14.5,4.0,False,False,False,False,3,4,senior,682622,1
2024-03-16,4860,18.3,4.4,False,False,False,False,3,5,non_senior,3100085,0
2024-03-16,4860,18.3,4.4,False,False,False,False,3,5,senior,574248,1
2024-03-17,4860,12.2,5.4,False,False,False,False,3,6,non_senior,2258442,0
2024-03-17,4860,12.2,5.4,False,False,False,False,3,6,senior,417841,1
2024-03-18,4860,13.2,1.4,False,False,False,False,3,0,non_senior,3983495,0
2024-03-18,4860,13.2,1.4,False,False,False,False,3,0,senior,662197,1
2024-03-19,4860,9.8,3.9,False,False,False,False,3,1,non_senior,4060935,0
2024-03-19,4860,9.8,3.9,False,False,False,False,3,1,senior,651149,1
2024-03-20,4860,8.7,1.2,False,False,False,False,3,2,non_senior,4094478,0
2024-03-20,4860,8.7,1.2,False,False,False,False,3,2,senior,674770,1
2024-03-21,4860,11.5,-1.2,False,False,False,False,3,3,non_senior,4182366,0
2024-03-21,4860,11.5,-1.2,False,False,False,False,3,3,senior,678076,1
2024-03-22,4860,15.2,3.8,False,False,False,False,3,4,non_senior,4241390,0
2024-03-22,4860,15.2,3.8,False,False,False,False,3,4,senior,658410,1
2024-03-23,4860,18.2,9.3,False,False,False,False,3,5,non_senior,3083154,0
2024-03-23,4860,18.2,9.3,False,False,False,False,3,5,senior,558274,1
2024-03-24,4860,23.4,10.5,False,False,False,False,3,6,non_senior,2264857,0
2024-03-24,4860,23.4,10.5,False,False,False,False,3,6,senior,424065,1
2024-03-25,4860,14.5,6.7,False,False,False,False,3,0,non_senior,3967092,0
2024-03-25,4860,14.5,6.7,False,False,False,False,3,0,senior,633189,1
2024-03-26,4860,12.4,3.2,False,False,False,False,3,1,non_senior,4088530,0
2024-03-26,4860,12.4,3.2,False,False,False,False,3,1,senior,653696,1
2024-03-27,4860,16.2,4.4,False,False,False,False,3,2,non_senior,4191865,0
2024-03-27,4860,16.2,4.4,False,False,False,False,3,2,senior,696024,1
2024-03-28,4860,12.2,7.8,False,False,False,False,3,3,non_senior,4498935,0
2024-03-28,4860,12.2,7.8,False,False,False,False,3,3,senior,671640,1
2024-03-29,4860,12.3,5.0,False,False,False,False,3,4,non_senior,4305604,0
2024-03-29,4860,12.3,5.0,False,False,False,False,3,4,senior,629691,1
2024-03-30,4860,15.6,3.0,False,False,False,False,3,5,non_senior,3104361,0
2024-03-30,4860,15.6,3.0,False,False,False,False,3,5,senior,554829,1
2024-03-31,4860,17.7,3.4,False,False,False,False,3,6,non_senior,2291147,0
2024-03-31,4860,17.7,3.4,False,False,False,False,3,6,senior,422146,1
2024-04-01,4860,19.0,5.5,False,False,False,False,4,0,non_senior,5870789,0
2024-04-01,4860,19.0,5.5,False,False,False,False,4,0,senior,654267,1
2024-04-02,4860,23.9,7.0,False,False,False,False,4,1,non_senior,6067379,0
2024-04-02,4860,23.9,7.0,False,False,False,False,4,1,senior,673027,1
2024-04-03,4860,19.7,13.9,False,False,False,False,4,2,non_senior,5988555,0
2024-04-03,4860,19.7,13.9,False,False,False,False,4,2,senior,641205,1
2024-04-04,4860,20.3,12.4,False,False,False,False,4,3,non_senior,6141583,0
2024-04-04,4860,20.3,12.4,False,False,False,False,4,3,senior,675691,1
2024-04-05,4860,18.8,10.2,False,False,False,False,4,4,non_senior,6226256,0
2024-04-05,4860,18.8,10.2,False,False,False,False,4,4,senior,675322,1
2024-04-06,4860,18.9,8.0,False,False,False,False,4,5,non_senior,4497078,0
2024-04-06,4860,18.9,8.0,False,False,False,False,4,5,senior,573022,1
2024-04-07,4860,23.4,7.7,False,False,False,False,4,6,non_senior,3281204,0
2024-04-07,4860,23.4,7.7,False,False,False,False,4,6,senior,441911,1
2024-04-08,4860,22.8,11.0,False,False,False,False,4,0,non_senior,5830735,0
2024-04-08,4860,22.8,11.0,False,False,False,False,4,0,senior,664328,1
2024-04-09,4860,20.8,10.6,False,False,False,False,4,1,non_senior,6161710,0
2024-04-09,4860,20.8,10.6,False,False,False,False,4,1,senior,697185,1
2024-04-10,4860,18.5,10.2,False,False,False,False,4,2,non_senior,3341733,0
2024-04-10,4860,18.5,10.2,False,False,False,False,4,2,senior,473859,1
2024-04-11,4860,21.1,11.7,False,False,False,False,4,3,non_senior,5897478,0
2024-04-11,4860,21.1,11.7,False,False,False,False,4,3,senior,652619,1
2024-04-12,4860,24.2,12.0,False,False,False,False,4,4,non_senior,6074347,0
2024-04-12,4860,24.2,12.0,False,False,False,False,4,4,senior,684100,1
2024-04-13,4860,27.3,11.2,False,False,False,False,4,5,non_senior,4223857,0
2024-04-13,4860,27.3,11.2,False,False,False,False,4,5,senior,569007,1
2024-04-14,4860,29.4,13.6,False,False,False,False,4,6,non_senior,3012731,0
2024-04-14,4860,29.4,13.6,False,False,False,False,4,6,senior,421151,1
2024-04-15,4860,20.0,11.7,False,False,False,False,4,0,non_senior,5613937,0
2024-04-15,4860,20.0,11.7,False,False,False,False,4,0,senior,593996,1
2024-04-16,4860,17.9,11.5,False,False,False,False,4,1,non_senior,5932881,0
2024-04-16,4860,17.9,11.5,False,False,False,False,4,1,senior,667458,1
2024-04-17,4860,21.8,9.7,False,False,False,False,4,2,non_senior,5976200,0
2024-04-17,4860,21.8,9.7,False,False,False,False,4,2,senior,687728,1
2024-04-18,4860,24.9,10.7,False,False,False,False,4,3,non_senior,5984990,0
2024-04-18,4860,24.9,10.7,False,False,False,False,4,3,senior,680661,1
2024-04-19,4860,24.3,11.5,False,False,False,False,4,4,non_senior,6058084,0
2024-04-19,4860,24.3,11.5,False,False,False,False,4,4,senior,691861,1
2024-04-20,4859,17.2,13.0,False,False,False,False,4,5,non_senior,3883807,0
2024-04-20,4859,17.2,13.0,False,False,False,False,4,5,senior,521044,1
2024-04-21,4860,21.7,13.3,False,False,False,False,4,6,non_senior,2873118,0
2024-04-21,4860,21.7,13.3,False,False,False,False,4,6,senior,424523,1
2024-04-22,4860,24.1,15.0,False,False,False,False,4,0,non_senior,5724311,0
2024-04-22,4860,24.1,15.0,False,False,False,False,4,0,senior,664584,1
2024-04-23,4860,24.2,13.2,False,False,False,False,4,1,non_senior,5902630,0
2024-04-23,4860,24.2,13.2,False,False,False,False,4,1,senior,674993,1
2024-04-24,4860,16.5,11.0,False,False,False,False,4,2,non_senior,5842761,0
2024-04-24,4860,16.5,11.0,False,False,False,False,4,2,senior,645059,1
2024-04-25,4860,20.8,10.3,False,False,False,False,4,3,non_senior,6013689,0
2024-04-25,4860,20.8,10.3,False,False,False,False,4,3,senior,696668,1
2024-04-26,4860,26.0,11.4,False,False,False,False,4,4,non_senior,6175757,0
2024-04-26,4860,26.0,11.4,False,False,False,False,4,4,senior,696335,1
2024-04-27,4860,26.2,11.5,False,False,False,False,4,5,non_senior,4440799,0
2024-04-27,4860,26.2,11.5,False,False,False,False,4,5,senior,578236,1
2024-04-28,4860,28.9,13.0,False,False,False,False,4,6,non_senior,3234060,0
2024-04-28,4860,28.9,13.0,False,False,False,False,4,6,senior,431778,1
2024-04-29,4860,26.1,16.9,False,False,False,False,4,0,non_senior,5924385,0
2024-04-29,4860,26.1,16.9,False,False,False,False,4,0,senior,662278,1
2024-04-30,4860,22.5,16.0,False,False,False,False,4,1,non_senior,6185727,0
2024-04-30,4860,22.5,16.0,False,False,False,False,4,1,senior,683595,1
2024-05-01,4860,24.0,13.9,False,False,False,False,5,2,non_senior,2917377,0
2024-05-01,4860,24.0,13.9,False,False,False,False,5,2,senior,569301,1
2024-05-02,4860,23.7,12.4,False,False,False,False,5,3,non_senior,4232044,0
2024-05-02,4860,23.7,12.4,False,False,False,False,5,3,senior,677527,1
2024-05-03,4860,27.9,12.2,False,False,False,False,5,4,non_senior,4412463,0
2024-05-03,4860,27.9,12.2,False,False,False,False,5,4,senior,678301,1
2024-05-04,4860,28.5,14.6,False,False,False,False,5,5,non_senior,3114029,0
2024-05-04,4860,28.5,14.6,False,False,False,False,5,5,senior,522006,1
2024-05-05,4860,20.6,15.7,False,False,False,False,5,6,non_senior,1955957,0
2024-05-05,4860,20.6,15.7,False,False,False,False,5,6,senior,304031,1
2024-05-06,4860,15.7,13.4,False,False,False,False,5,0,non_senior,1979914,0
2024-05-06,4860,15.7,13.4,False,False,False,False,5,0,senior,364128,1
2024-05-07,4860,15.0,12.2,False,False,False,False,5,1,non_senior,4005760,0
2024-05-07,4860,15.0,12.2,False,False,False,False,5,1,senior,646736,1
2024-05-08,4860,21.4,9.0,False,False,False,False,5,2,non_senior,4110527,0
2024-05-08,4860,21.4,9.0,False,False,False,False,5,2,senior,688353,1
2024-05-09,4860,21.8,10.9,False,False,False,False,5,3,non_senior,4194429,0
2024-05-09,4860,21.8,10.9,False,False,False,False,5,3,senior,688641,1
2024-05-10,4860,23.8,12.5,False,False,False,False,5,4,non_senior,4390604,0
2024-05-10,4860,23.8,12.5,False,False,False,False,5,4,senior,700817,1
2024-05-11,4860,22.0,14.0,False,False,False,False,5,5,non_senior,2945532,0
2024-05-11,4860,22.0,14.0,False,False,False,False,5,5,senior,532296,1
2024-05-12,4860,21.6,11.9,False,False,False,False,5,6,non_senior,2333381,0
2024-05-12,4860,21.6,11.9,False,False,False,False,5,6,senior,442228,1
2024-05-13,4860,24.5,11.9,False,False,False,False,5,0,non_senior,4016033,0
2024-05-13,4860,24.5,11.9,False,False,False,False,5,0,senior,689270,1
2024-05-14,4860,24.7,12.7,False,False,False,False,5,1,non_senior,4312242,0
2024-05-14,4860,24.7,12.7,False,False,False,False,5,1,senior,707113,1
2024-05-15,4860,18.8,7.2,False,False,False,False,5,2,non_senior,2226965,0
2024-05-15,4860,18.8,7.2,False,False,False,False,5,2,senior,471116,1
2024-05-16,4860,19.8,6.9,False,False,False,False,5,3,non_senior,4150223,0
2024-05-16,4860,19.8,6.9,False,False,False,False,5,3,senior,700863,1
2024-05-17,4860,24.9,10.8,False,False,False,False,5,4,non_senior,4310227,0
2024-05-17,4860,24.9,10.8,False,False,False,False,5,4,senior,700430,1
2024-05-18,4860,26.5,16.0,False,False,False,False,5,5,non_senior,3175524,0
2024-05-18,4860,26.5,16.0,False,False,False,False,5,5,senior,589233,1
2024-05-19,4860,27.9,15.9,False,False,False,False,5,6,non_senior,2299196,0
2024-05-19,4860,27.9,15.9,False,False,False,False,5,6,senior,445745,1
2024-05-20,4860,22.8,16.8,False,False,False,False,5,0,non_senior,3939646,0
2024-05-20,4860,22.8,16.8,False,False,False,False,5,0,senior,674878,1
2024-05-21,4860,28.3,16.3,False,False,False,False,5,1,non_senior,4115667,0
2024-05-21,4860,28.3,16.3,False,False,False,False,5,1,senior,695312,1
2024-05-22,4860,25.5,16.4,False,False,False,False,5,2,non_senior,4149880,0
2024-05-22,4860,25.5,16.4,False,False,False,False,5,2,senior,691489,1
2024-05-23,4860,26.4,15.8,False,False,False,False,5,3,non_senior,4179116,0
2024-05-23,4860,26.4,15.8,False,False,False,False,5,3,senior,686598,1
2024-05-24,4860,24.7,15.7,False,False,False,False,5,4,non_senior,4300560,0
2024-05-24,4860,24.7,15.7,False,False,False,False,5,4,senior,693518,1
2024-05-25,4860,24.7,18.7,False,False,False,False,5,5,non_senior,3214669,0
2024-05-25,4860,24.7,18.7,False,False,False,False,5,5,senior,597158,1
2024-05-26,4860,23.7,17.0,False,False,False,False,5,6,non_senior,2126252,0
2024-05-26,4860,23.7,17.0,False,False,False,False,5,6,senior,399139,1
2024-05-27,4860,22.6,14.1,False,False,False,False,5,0,non_senior,3981999,0
2024-05-27,4860,22.6,14.1,False,False,False,False,5,0,senior,676584,1
2024-05-28,4860,26.1,14.3,False,False,False,False,5,1,non_senior,4094642,0
2024-05-28,4860,26.1,14.3,False,False,False,False,5,1,senior,687317,1
2024-05-29,4860,26.8,15.4,False,False,False,False,5,2,non_senior,4140307,0
2024-05-29,4860,26.8,15.4,False,False,False,False,5,2,senior,681894,1
2024-05-30,4860,24.6,16.2,False,False,False,False,5,3,non_senior,4122146,0
2024-05-30,4860,24.6,16.2,False,False,False,False,5,3,senior,673785,1
2024-05-31,4860,25.4,16.9,False,False,False,False,5,4,non_senior,4263449,0
2024-05-31,4860,25.4,16.9,False,False,False,False,5,4,senior,678396,1
2024-06-01,4860,25.2,17.5,False,False,False,False,6,5,non_senior,3099880,0
2024-06-01,4860,25.2,17.5,False,False,False,False,6,5,senior,571849,1
2024-06-02,4860,25.8,15.7,False,False,False,False,6,6,non_senior,2143725,0
2024-06-02,4860,25.8,15.7,False,False,False,False,6,6,senior,422230,1
2024-06-03,4860,28.7,15.7,False,False,False,False,6,0,non_senior,3935836,0
2024-06-03,4860,28.7,15.7,False,False,False,False,6,0,senior,665685,1
2024-06-04,4860,29.3,16.3,False,False,False,False,6,1,non_senior,4069315,0
2024-06-04,4860,29.3,16.3,False,False,False,False,6,1,senior,679603,1
2024-06-05,4860,30.1,18.1,False,False,False,False,6,2,non_senior,4216076,0
2024-06-05,4860,30.1,18.1,False,False,False,False,6,2,senior,681901,1
2024-06-06,4860,31.4,19.3,False,False,False,False,6,3,non_senior,2372875,0
2024-06-06,4860,31.4,19.3,False,False,False,False,6,3,senior,490674,1
2024-06-07,4860,28.0,18.3,False,False,False,False,6,4,non_senior,3842059,0
2024-06-07,4860,28.0,18.3,False,False,False,False,6,4,senior,662158,1
2024-06-08,4860,25.0,17.9,False,False,False,False,6,5,non_senior,2608741,0
2024-06-08,4860,25.0,17.9,False,False,False,False,6,5,senior,492031,1
2024-06-09,4860,28.8,17.4,False,False,False,False,6,6,non_senior,2067315,0
2024-06-09,4860,28.8,17.4,False,False,False,False,6,6,senior,419367,1
2024-06-10,4860,31.1,19.0,False,False,False,False,6,0,non_senior,3883951,0
2024-06-10,4860,31.1,19.0,False,False,False,False,6,0,senior,667001,1
2024-06-11,4860,31.6,21.7,False,False,False,False,6,1,non_senior,4033943,0
2024-06-11,4860,31.6,21.7,False,False,False,False,6,1,senior,673744,1
2024-06-12,4860,31.8,19.2,False,False,False,False,6,2,non_senior,4059480,0
2024-06-12,4860,31.8,19.2,False,False,False,False,6,2,senior,674200,1
2024-06-13,4860,32.8,20.0,True,False,False,False,6,3,non_senior,4117113,0
2024-06-13,4860,32.8,20.0,True,False,False,False,6,3,senior,672335,1
2024-06-14,4860,33.0,21.4,True,False,False,False,6,4,non_senior,4216473,0
2024-06-14,4860,33.0,21.4,True,False,False,False,6,4,senior,669929,1
2024-06-15,4860,28.2,21.8,False,False,False,False,6,5,non_senior,2860339,0
2024-06-15,4860,28.2,21.8,False,False,False,False,6,5,senior,549020,1
2024-06-16,4860,29.5,19.9,False,False,False,False,6,6,non_senior,2115563,0
2024-06-16,4860,29.5,19.9,False,False,False,False,6,6,senior,410248,1
2024-06-17,4860,30.2,18.9,False,False,False,False,6,0,non_senior,3894892,0
2024-06-17,4860,30.2,18.9,False,False,False,False,6,0,senior,658358,1
2024-06-18,4860,32.9,20.4,True,False,False,False,6,1,non_senior,4005478,0
2024-06-18,4860,32.9,20.4,True,False,False,False,6,1,senior,664469,1
2024-06-19,4860,35.8,21.4,True,False,True,False,6,2,non_senior,4035045,0
2024-06-19,4860,35.8,21.4,True,False,True,False,6,2,senior,653645,1
2024-06-20,4860,35.4,23.4,True,False,True,False,6,3,non_senior,4074818,0
2024-06-20,4860,35.4,23.4,True,False,True,False,6,3,senior,659811,1
2024-06-21,4860,33.9,22.9,True,False,True,False,6,4,non_senior,4188334,0
2024-06-21,4860,33.9,22.9,True,False,True,False,6,4,senior,660746,1
2024-06-22,4860,26.1,22.6,False,False,False,False,6,5,non_senior,2784993,0
2024-06-22,4860,26.1,22.6,False,False,False,False,6,5,senior,486822,1
2024-06-23,4860,30.1,22.5,False,False,False,False,6,6,non_senior,2096399,0
2024-06-23,4860,30.1,22.5,False,False,False,False,6,6,senior,396035,1
2024-06-24,4860,27.9,21.2,False,False,False,False,6,0,non_senior,3862800,0
2024-06-24,4860,27.9,21.2,False,False,False,False,6,0,senior,650583,1
2024-06-25,4860,27.2,19.1,False,False,False,False,6,1,non_senior,4014847,0
2024-06-25,4860,27.2,19.1,False,False,False,False,6,1,senior,684107,1
2024-06-26,4860,31.6,18.9,False,False,False,False,6,2,non_senior,4064370,0
2024-06-26,4860,31.6,18.9,False,False,False,False,6,2,senior,678207,1
2024-06-27,4860,31.6,20.6,False,False,False,False,6,3,non_senior,4061001,0
2024-06-27,4860,31.6,20.6,False,False,False,False,6,3,senior,674001,1
2024-06-28,4860,32.5,21.3,False,False,False,False,6,4,non_senior,4206593,0
2024-06-28,4860,32.5,21.3,False,False,False,False,6,4,senior,679721,1
2024-06-29,4860,32.3,21.6,False,False,False,False,6,5,non_senior,2834579,0
2024-06-29,4860,32.3,21.6,False,False,False,False,6,5,senior,532852,1
2024-06-30,4860,24.9,22.0,False,False,False,False,6,6,non_senior,1873075,0
2024-06-30,4860,24.9,22.0,False,False,False,False,6,6,senior,351878,1
2024-07-01,4860,31.3,22.0,False,False,False,False,7,0,non_senior,3838343,0
2024-07-01,4860,31.3,22.0,False,False,False,False,7,0,senior,648113,1
2024-07-02,4860,25.2,21.9,False,False,False,False,7,1,non_senior,3742922,0
2024-07-02,4860,25.2,21.9,False,False,False,False,7,1,senior,540152,1
2024-07-03,4860,25.9,23.6,False,False,False,False,7,2,non_senior,3988819,0
2024-07-03,4860,25.9,23.6,False,False,False,False,7,2,senior,655622,1
2024-07-04,4860,30.6,23.2,False,False,False,False,7,3,non_senior,4026200,0
2024-07-04,4860,30.6,23.2,False,False,False,False,7,3,senior,654687,1
2024-07-05,4860,26.1,21.3,False,False,False,False,7,4,non_senior,4135661,0
2024-07-05,4860,26.1,21.3,False,False,False,False,7,4,senior,655395,1
2024-07-06,4860,30.0,22.1,False,False,False,False,7,5,non_senior,2703157,0
2024-07-06,4860,30.0,22.1,False,False,False,False,7,5,senior,499539,1
2024-07-07,4860,28.2,21.5,False,False,False,False,7,6,non_senior,2034781,0
2024-07-07,4860,28.2,21.5,False,False,False,False,7,6,senior,398759,1
2024-07-08,4860,24.5,23.1,False,False,False,False,7,0,non_senior,3707358,0
2024-07-08,4860,24.5,23.1,False,False,False,False,7,0,senior,583577,1
2024-07-09,4860,26.7,22.7,False,False,False,False,7,1,non_senior,3906636,0
2024-07-09,4860,26.7,22.7,False,False,False,False,7,1,senior,639843,1
2024-07-10,4860,31.1,22.7,False,False,False,False,7,2,non_senior,3991892,0
2024-07-10,4860,31.1,22.7,False,False,False,False,7,2,senior,652787,1
2024-07-11,4860,28.9,23.3,False,False,False,False,7,3,non_senior,4018065,0
2024-07-11,4860,28.9,23.3,False,False,False,False,7,3,senior,659909,1
2024-07-12,4860,30.2,21.8,False,False,False,False,7,4,non_senior,4149886,0
2024-07-12,4860,30.2,21.8,False,False,False,False,7,4,senior,663050,1
2024-07-13,4860,33.3,23.5,True,False,False,False,7,5,non_senior,2927952,0
2024-07-13,4860,33.3,23.5,True,False,False,False,7,5,senior,528973,1
2024-07-14,4860,32.1,24.9,False,False,False,False,7,6,non_senior,2124920,0
2024-07-14,4860,32.1,24.9,False,False,False,False,7,6,senior,389932,1
2024-07-15,4860,31.3,24.5,False,False,False,False,7,0,non_senior,3842726,0
2024-07-15,4860,31.3,24.5,False,False,False,False,7,0,senior,645726,1
2024-07-16,4860,30.7,24.6,False,False,False,False,7,1,non_senior,3908119,0
2024-07-16,4860,30.7,24.6,False,False,False,False,7,1,senior,626189,1
2024-07-17,4860,28.1,24.1,False,False,False,False,7,2,non_senior,3822707,0
2024-07-17,4860,28.1,24.1,False,False,False,False,7,2,senior,558612,1
2024-07-18,4860,25.6,23.1,False,False,False,False,7,3,non_senior,3772572,0
2024-07-18,4860,25.6,23.1,False,False,False,False,7,3,senior,514559,1
2024-07-19,4860,30.8,24.2,False,False,False,False,7,4,non_senior,4146154,0
2024-07-19,4860,30.8,24.2,False,False,False,False,7,4,senior,666109,1
2024-07-20,4860,30.6,25.1,False,False,False,False,7,5,non_senior,2675393,0
2024-07-20,4860,30.6,25.1,False,False,False,False,7,5,senior,497435,1
2024-07-21,4860,29.8,22.5,False,False,False,False,7,6,non_senior,1985494,0
2024-07-21,4860,29.8,22.5,False,False,False,False,7,6,senior,370100,1
2024-07-22,4860,27.9,24.3,False,False,False,False,7,0,non_senior,3725618,0
2024-07-22,4860,27.9,24.3,False,False,False,False,7,0,senior,585052,1
2024-07-23,4860,27.3,25.8,False,False,False,False,7,1,non_senior,3847036,0
2024-07-23,4860,27.3,25.8,False,False,False,False,7,1,senior,605311,1
2024-07-24,4860,30.9,26.0,False,False,False,False,7,2,non_senior,3949077,0
2024-07-24,4860,30.9,26.0,False,False,False,False,7,2,senior,631238,1
2024-07-25,4860,32.2,25.4,False,False,False,False,7,3,non_senior,3976428,0
2024-07-25,4860,32.2,25.4,False,False,False,False,7,3,senior,643749,1
2024-07-26,4860,32.7,25.2,False,False,False,False,7,4,non_senior,3969387,0
2024-07-26,4860,32.7,25.2,False,False,False,False,7,4,senior,625423,1
2024-07-27,4860,31.7,27.5,False,False,False,False,7,5,non_senior,2582697,0
2024-07-27,4860,31.7,27.5,False,False,False,False,7,5,senior,469673,1
2024-07-28,4860,32.2,27.3,False,False,False,False,7,6,non_senior,1977095,0
2024-07-28,4860,32.2,27.3,False,False,False,False,7,6,senior,363525,1
2024-07-29,4860,27.8,26.8,False,False,False,False,7,0,non_senior,3643416,0
2024-07-29,4860,27.8,26.8,False,False,False,False,7,0,senior,586647,1
2024-07-30,4860,31.9,26.3,False,False,False,False,7,1,non_senior,3806545,0
2024-07-30,4860,31.9,26.3,False,False,False,False,7,1,senior,603415,1
2024-07-31,4860,33.3,27.0,True,False,False,False,7,2,non_senior,3850762,0
2024-07-31,4860,33.3,27.0,True,False,False,False,7,2,senior,596383,1
2024-08-01,4860,33.2,27.3,True,False,False,False,8,3,non_senior,3747459,0
2024-08-01,4860,33.2,27.3,True,False,False,False,8,3,senior,569700,1
2024-08-02,4860,32.5,28.2,False,False,False,False,8,4,non_senior,3753661,0
2024-08-02,4860,32.5,28.2,False,False,False,False,8,4,senior,562976,1
2024-08-03,4860,34.2,27.2,True,False,True,False,8,5,non_senior,2512048,0
2024-08-03,4860,34.2,27.2,True,False,True,False,8,5,senior,430809,1
2024-08-04,4860,36.2,27.3,True,False,True,False,8,6,non_senior,1831649,0
2024-08-04,4860,36.2,27.3,True,False,True,False,8,6,senior,340941,1
2024-08-05,4860,33.7,26.9,True,False,True,False,8,0,non_senior,3516195,0
2024-08-05,4860,33.7,26.9,True,False,True,False,8,0,senior,558210,1
2024-08-06,4860,33.5,25.6,True,False,False,False,8,1,non_senior,3669354,0
2024-08-06,4860,33.5,25.6,True,False,False,False,8,1,senior,570225,1
2024-08-07,4860,33.4,27.2,True,False,False,False,8,2,non_senior,3716904,0
2024-08-07,4860,33.4,27.2,True,False,False,False,8,2,senior,574048,1
2024-08-08,4860,31.6,26.9,False,False,False,False,8,3,non_senior,3763727,0
2024-08-08,4860,31.6,26.9,False,False,False,False,8,3,senior,584465,1
2024-08-09,4860,33.6,25.6,True,False,False,False,8,4,non_senior,3857488,0
2024-08-09,4860,33.6,25.6,True,False,False,False,8,4,senior,588093,1
2024-08-10,4860,33.6,26.4,True,False,False,False,8,5,non_senior,2607305,0
2024-08-10,4860,33.6,26.4,True,False,False,False,8,5,senior,466102,1
2024-08-11,4860,34.4,27.8,True,False,True,False,8,6,non_senior,1924798,0
2024-08-11,4860,34.4,27.8,True,False,True,False,8,6,senior,348559,1
2024-08-12,4860,34.1,28.2,True,False,True,False,8,0,non_senior,3687198,0
2024-08-12,4860,34.1,28.2,True,False,True,False,8,0,senior,590336,1
2024-08-13,4860,36.4,28.1,True,False,True,False,8,1,non_senior,3815573,0
2024-08-13,4860,36.4,28.1,True,False,True,False,8,1,senior,593665,1
2024-08-14,4860,34.9,27.3,True,False,True,False,8,2,non_senior,3915735,0
2024-08-14,4860,34.9,27.3,True,False,True,False,8,2,senior,596866,1
2024-08-15,4860,34.6,26.7,True,False,True,False,8,3,non_senior,2117104,0
2024-08-15,4860,34.6,26.7,True,False,True,False,8,3,senior,416219,1
2024-08-16,4860,34.3,26.8,True,False,True,False,8,4,non_senior,3500280,0
2024-08-16,4860,34.3,26.8,True,False,True,False,8,4,senior,583409,1
2024-08-17,4860,34.0,27.2,True,False,True,False,8,5,non_senior,2465873,0
2024-08-17,4860,34.0,27.2,True,False,True,False,8,5,senior,450217,1
2024-08-18,4860,33.9,27.0,True,False,True,False,8,6,non_senior,1858469,0
2024-08-18,4860,33.9,27.0,True,False,True,False,8,6,senior,363944,1
2024-08-19,4860,35.3,26.3,True,False,True,False,8,0,non_senior,3629311,0
2024-08-19,4860,35.3,26.3,True,False,True,False,8,0,senior,601538,1
2024-08-20,4860,35.4,27.0,True,False,True,False,8,1,non_senior,3758657,0
2024-08-20,4860,35.4,27.0,True,False,True,False,8,1,senior,609603,1
2024-08-21,4860,30.8,26.9,False,False,False,False,8,2,non_senior,3698558,0
2024-08-21,4860,30.8,26.9,False,False,False,False,8,2,senior,570341,1
2024-08-22,4860,30.3,27.1,False,False,False,False,8,3,non_senior,3802470,0
2024-08-22,4860,30.3,27.1,False,False,False,False,8,3,senior,601091,1
2024-08-23,4860,31.8,26.4,False,False,False,False,8,4,non_senior,4016892,0
2024-08-23,4860,31.8,26.4,False,False,False,False,8,4,senior,636128,1
2024-08-24,4860,30.9,25.1,False,False,False,False,8,5,non_senior,2751153,0
2024-08-24,4860,30.9,25.1,False,False,False,False,8,5,senior,496009,1
2024-08-25,4860,32.7,24.9,False,False,False,False,8,6,non_senior,2014121,0
2024-08-25,4860,32.7,24.9,False,False,False,False,8,6,senior,371340,1
2024-08-26,4860,30.6,25.6,False,False,False,False,8,0,non_senior,3724066,0
2024-08-26,4860,30.6,25.6,False,False,False,False,8,0,senior,627817,1
2024-08-27,4860,30.3,24.6,False,False,False,False,8,1,non_senior,3855855,0
2024-08-27,4860,30.3,24.6,False,False,False,False,8,1,senior,641387,1
2024-08-28,4860,33.2,23.0,True,False,False,False,8,2,non_senior,3922809,0
2024-08-28,4860,33.2,23.0,True,False,False,False,8,2,senior,646698,1
2024-08-29,4860,33.5,23.4,True,False,False,False,8,3,non_senior,3925298,0
2024-08-29,4860,33.5,23.4,True,False,False,False,8,3,senior,637869,1
2024-08-30,4860,32.9,23.7,True,False,False,False,8,4,non_senior,4050616,0
2024-08-30,4860,32.9,23.7,True,False,False,False,8,4,senior,646198,1
2024-08-31,4860,33.0,22.6,True,False,False,False,8,5,non_senior,2817036,0
2024-08-31,4860,33.0,22.6,True,False,False,False,8,5,senior,507865,1
2024-09-01,4860,31.6,24.6,False,False,False,False,9,6,non_senior,2047332,0
2024-09-01,4860,31.6,24.6,False,False,False,False,9,6,senior,388679,1
2024-09-02,4860,26.9,22.2,False,False,False,False,9,0,non_senior,3846271,0
2024-09-02,4860,26.9,22.2,False,False,False,False,9,0,senior,641634,1
2024-09-03,4860,32.0,23.2,False,False,False,False,9,1,non_senior,3989563,0
2024-09-03,4860,32.0,23.2,False,False,False,False,9,1,senior,669006,1
2024-09-04,4860,33.3,23.2,True,False,False,False,9,2,non_senior,4049791,0
2024-09-04,4860,33.3,23.2,True,False,False,False,9,2,senior,666277,1
2024-09-05,4860,28.8,25.6,False,False,False,False,9,3,non_senior,4056687,0
2024-09-05,4860,28.8,25.6,False,False,False,False,9,3,senior,642652,1
2024-09-06,4860,25.7,23.3,False,False,False,False,9,4,non_senior,4184661,0
2024-09-06,4860,25.7,23.3,False,False,False,False,9,4,senior,658346,1
2024-09-07,4860,31.3,22.8,False,False,False,False,9,5,non_senior,3018355,0
2024-09-07,4860,31.3,22.8,False,False,False,False,9,5,senior,543960,1
2024-09-08,4860,32.8,22.6,True,False,False,False,9,6,non_senior,2129547,0
2024-09-08,4860,32.8,22.6,True,False,False,False,9,6,senior,397166,1
2024-09-09,4860,34.1,24.1,True,False,True,False,9,0,non_senior,3917627,0
2024-09-09,4860,34.1,24.1,True,False,True,False,9,0,senior,659934,1
2024-09-10,4860,33.9,25.6,True,False,True,False,9,1,non_senior,4055702,0
2024-09-10,4860,33.9,25.6,True,False,True,False,9,1,senior,668965,1
2024-09-11,4860,34.6,25.4,True,False,True,False,9,2,non_senior,4036986,0
2024-09-11,4860,34.6,25.4,True,False,True,False,9,2,senior,649062,1
2024-09-12,4860,27.1,24.8,False,False,False,False,9,3,non_senior,3980352,0
2024-09-12,4860,27.1,24.8,False,False,False,False,9,3,senior,619339,1
2024-09-13,4860,28.0,24.2,False,False,False,False,9,4,non_senior,4039014,0
2024-09-13,4860,28.0,24.2,False,False,False,False,9,4,senior,634012,1
2024-09-14,4860,32.2,25.2,False,False,False,False,9,5,non_senior,2367635,0
2024-09-14,4860,32.2,25.2,False,False,False,False,9,5,senior,457963,1
2024-09-15,4860,32.4,24.2,False,False,False,False,9,6,non_senior,1827703,0
2024-09-15,4860,32.4,24.2,False,False,False,False,9,6,senior,344657,1
2024-09-16,4860,32.2,21.3,False,False,False,False,9,0,non_senior,1509759,0
2024-09-16,4860,32.2,21.3,False,False,False,False,9,0,senior,247533,1
2024-09-17,4860,33.2,25.8,True,False,False,False,9,1,non_senior,1357686,0
2024-09-17,4860,33.2,25.8,True,False,False,False,9,1,senior,187236,1
2024-09-18,4860,33.6,26.5,True,False,False,False,9,2,non_senior,1648615,0
2024-09-18,4860,33.6,26.5,True,False,False,False,9,2,senior,295582,1
2024-09-19,4860,32.6,25.6,False,False,False,False,9,3,non_senior,3634719,0
2024-09-19,4860,32.6,25.6,False,False,False,False,9,3,senior,595899,1
2024-09-20,4860,28.6,17.9,False,False,False,False,9,4,non_senior,3848050,0
2024-09-20,4860,28.6,17.9,False,False,False,False,9,4,senior,588089,1
2024-09-21,4860,21.9,17.1,False,False,False,False,9,5,non_senior,2727227,0
2024-09-21,4860,21.9,17.1,False,False,False,False,9,5,senior,487194,1
2024-09-22,4860,26.7,16.9,False,False,False,False,9,6,non_senior,2163955,0
2024-09-22,4860,26.7,16.9,False,False,False,False,9,6,senior,410656,1
2024-09-23,4860,26.1,16.6,False,False,False,False,9,0,non_senior,3984674,0
2024-09-23,4860,26.1,16.6,False,False,False,False,9,0,senior,676734,1
2024-09-24,4860,26.9,15.6,False,False,False,False,9,1,non_senior,4087186,0
2024-09-24,4860,26.9,15.6,False,False,False,False,9,1,senior,690771,1
2024-09-25,4860,27.3,18.6,False,False,False,False,9,2,non_senior,4107834,0
2024-09-25,4860,27.3,18.6,False,False,False,False,9,2,senior,696239,1
2024-09-26,4860,28.0,21.1,False,False,False,False,9,3,non_senior,4111338,0
2024-09-26,4860,28.0,21.1,False,False,False,False,9,3,senior,686608,1
2024-09-27,4860,28.0,19.1,False,False,False,False,9,4,non_senior,4295917,0
2024-09-27,4860,28.0,19.1,False,False,False,False,9,4,senior,701699,1
2024-09-28,4860,27.9,19.2,False,False,False,False,9,5,non_senior,3134567,0
2024-09-28,4860,27.9,19.2,False,False,False,False,9,5,senior,588585,1
2024-09-29,4860,29.0,19.1,False,False,False,False,9,6,non_senior,2208192,0
2024-09-29,4860,29.0,19.1,False,False,False,False,9,6,senior,425934,1
2024-09-30,4860,28.5,18.3,False,False,False,False,9,0,non_senior,4008970,0
2024-09-30,4860,28.5,18.3,False,False,False,False,9,0,senior,677075,1
2024-10-01,4860,21.7,13.3,False,False,False,False,10,1,non_senior,2469992,0
2024-10-01,4860,21.7,13.3,False,False,False,False,10,1,senior,512599,1
2024-10-02,4860,19.9,11.6,False,False,False,False,10,2,non_senior,4122034,0
2024-10-02,4860,19.9,11.6,False,False,False,False,10,2,senior,677725,1
2024-10-03,4860,22.5,10.8,False,False,False,False,10,3,non_senior,2473272,0
2024-10-03,4860,22.5,10.8,False,False,False,False,10,3,senior,509562,1
2024-10-04,4860,24.2,11.9,False,False,False,False,10,4,non_senior,3980635,0
2024-10-04,4860,24.2,11.9,False,False,False,False,10,4,senior,675967,1
2024-10-05,4860,24.4,11.6,False,False,False,False,10,5,non_senior,3162960,0
2024-10-05,4860,24.4,11.6,False,False,False,False,10,5,senior,561641,1
2024-10-06,4860,17.9,12.3,False,False,False,False,10,6,non_senior,2097767,0
2024-10-06,4860,17.9,12.3,False,False,False,False,10,6,senior,406548,1
2024-10-07,4860,20.7,14.0,False,False,False,False,10,0,non_senior,3918824,0
2024-10-07,4860,20.7,14.0,False,False,False,False,10,0,senior,677002,1
2024-10-08,4860,23.9,12.7,False,False,False,False,10,1,non_senior,4154215,0
2024-10-08,4860,23.9,12.7,False,False,False,False,10,1,senior,697599,1
2024-10-09,4860,24.4,13.9,False,False,False,False,10,2,non_senior,2369155,0
2024-10-09,4860,24.4,13.9,False,False,False,False,10,2,senior,530325,1
2024-10-10,4860,24.1,15.3,False,False,False,False,10,3,non_senior,4048926,0
2024-10-10,4860,24.1,15.3,False,False,False,False,10,3,senior,689717,1
2024-10-11,4860,24.4,13.9,False,False,False,False,10,4,non_senior,4271316,0
2024-10-11,4860,24.4,13.9,False,False,False,False,10,4,senior,692786,1
2024-10-12,4860,24.7,13.4,False,False,False,False,10,5,non_senior,3069052,0
2024-10-12,4860,24.7,13.4,False,False,False,False,10,5,senior,574211,1
2024-10-13,4860,22.6,12.6,False,False,False,False,10,6,non_senior,2237229,0
2024-10-13,4860,22.6,12.6,False,False,False,False,10,6,senior,434200,1
2024-10-14,4860,21.5,17.6,False,False,False,False,10,0,non_senior,3928888,0
2024-10-14,4860,21.5,17.6,False,False,False,False,10,0,senior,660517,1
2024-10-15,4860,21.9,17.6,False,False,False,False,10,1,non_senior,4010113,0
2024-10-15,4860,21.9,17.6,False,False,False,False,10,1,senior,668131,1
2024-10-16,4860,24.2,14.4,False,False,False,False,10,2,non_senior,4063720,0
2024-10-16,4860,24.2,14.4,False,False,False,False,10,2,senior,683832,1
2024-10-17,4860,25.7,13.8,False,False,False,False,10,3,non_senior,4092940,0
2024-10-17,4860,25.7,13.8,False,False,False,False,10,3,senior,687060,1
2024-10-18,4860,18.8,16.2,False,False,False,False,10,4,non_senior,4070445,0
2024-10-18,4860,18.8,16.2,False,False,False,False,10,4,senior,616884,1
2024-10-19,4860,21.1,12.4,False,False,False,False,10,5,non_senior,3011503,0
2024-10-19,4860,21.1,12.4,False,False,False,False,10,5,senior,570700,1
2024-10-20,4860,17.8,10.5,False,False,False,False,10,6,non_senior,2265237,0
2024-10-20,4860,17.8,10.5,False,False,False,False,10,6,senior,446472,1
2024-10-21,4860,19.3,9.7,False,False,False,False,10,0,non_senior,3902548,0
2024-10-21,4860,19.3,9.7,False,False,False,False,10,0,senior,675080,1
2024-10-22,4860,16.6,14.9,False,False,False,False,10,1,non_senior,3952083,0
2024-10-22,4860,16.6,14.9,False,False,False,False,10,1,senior,611394,1
2024-10-23,4860,15.5,9.4,False,False,False,False,10,2,non_senior,4070564,0
2024-10-23,4860,15.5,9.4,False,False,False,False,10,2,senior,679483,1
2024-10-24,4860,18.4,7.1,False,False,False,False,10,3,non_senior,4104118,0
2024-10-24,4860,18.4,7.1,False,False,False,False,10,3,senior,686413,1
2024-10-25,4860,21.5,8.7,False,False,False,False,10,4,non_senior,4266863,0
2024-10-25,4860,21.5,8.7,False,False,False,False,10,4,senior,706072,1
2024-10-26,4860,24.0,10.7,False,False,False,False,10,5,non_senior,3160905,0
2024-10-26,4860,24.0,10.7,False,False,False,False,10,5,senior,585930,1
2024-10-27,4860,18.8,14.0,False,False,False,False,10,6,non_senior,2396557,0
2024-10-27,4860,18.8,14.0,False,False,False,False,10,6,senior,476208,1
2024-10-28,4860,20.4,12.3,False,False,False,False,10,0,non_senior,3935117,0
2024-10-28,4860,20.4,12.3,False,False,False,False,10,0,senior,675871,1
2024-10-29,4860,18.3,13.4,False,False,False,False,10,1,non_senior,4046387,0
2024-10-29,4860,18.3,13.4,False,False,False,False,10,1,senior,687340,1
2024-10-30,4860,21.4,11.4,False,False,False,False,10,2,non_senior,4109435,0
2024-10-30,4860,21.4,11.4,False,False,False,False,10,2,senior,693950,1
2024-10-31,4860,22.6,11.0,False,False,False,False,10,3,non_senior,4142699,0
2024-10-31,4860,22.6,11.0,False,False,False,False,10,3,senior,681372,1
2024-11-01,4860,18.7,12.9,False,False,False,False,11,4,non_senior,4230174,0
2024-11-01,4860,18.7,12.9,False,False,False,False,11,4,senior,676923,1
2024-11-02,4860,25.1,13.0,False,False,False,False,11,5,non_senior,3210546,0
2024-11-02,4860,25.1,13.0,False,False,False,False,11,5,senior,580647,1
2024-11-03,4860,23.5,13.0,False,False,False,False,11,6,non_senior,2376125,0
2024-11-03,4860,23.5,13.0,False,False,False,False,11,6,senior,451659,1
2024-11-04,4860,18.3,8.9,False,False,False,False,11,0,non_senior,3951363,0
2024-11-04,4860,18.3,8.9,False,False,False,False,11,0,senior,664857,1
2024-11-05,4860,14.7,5.6,False,False,False,False,11,1,non_senior,4068171,0
2024-11-05,4860,14.7,5.6,False,False,False,False,11,1,senior,675857,1
2024-11-06,4860,12.5,4.1,False,False,False,False,11,2,non_senior,4092636,0
2024-11-06,4860,12.5,4.1,False,False,False,False,11,2,senior,670693,1
2024-11-07,4860,15.7,1.6,False,False,False,False,11,3,non_senior,4088529,0
2024-11-07,4860,15.7,1.6,False,False,False,False,11,3,senior,663750,1
2024-11-08,4860,18.1,3.1,False,False,False,False,11,4,non_senior,4231111,0
2024-11-08,4860,18.1,3.1,False,False,False,False,11,4,senior,683288,1
2024-11-09,4860,20.3,6.8,False,False,False,False,11,5,non_senior,3219166,0
2024-11-09,4860,20.3,6.8,False,False,False,False,11,5,senior,590140,1
2024-11-10,4860,21.0,10.3,False,False,False,False,11,6,non_senior,2252619,0
2024-11-10,4860,21.0,10.3,False,False,False,False,11,6,senior,433188,1
2024-11-11,4860,21.8,9.7,False,False,False,False,11,0,non_senior,3926218,0
2024-11-11,4860,21.8,9.7,False,False,False,False,11,0,senior,669996,1
2024-11-12,4860,19.2,11.0,False,False,False,False,11,1,non_senior,4030992,0
2024-11-12,4860,19.2,11.0,False,False,False,False,11,1,senior,685988,1
2024-11-13,4860,21.3,8.3,False,False,False,False,11,2,non_senior,4089367,0
2024-11-13,4860,21.3,8.3,False,False,False,False,11,2,senior,686333,1
2024-11-14,4860,16.8,13.2,False,False,False,False,11,3,non_senior,4021738,0
2024-11-14,4860,16.8,13.2,False,False,False,False,11,3,senior,651087,1
2024-11-15,4860,21.5,13.7,False,False,False,False,11,4,non_senior,4201740,0
2024-11-15,4860,21.5,13.7,False,False,False,False,11,4,senior,674675,1
2024-11-16,4860,22.6,14.4,False,False,False,False,11,5,non_senior,3129638,0
2024-11-16,4860,22.6,14.4,False,False,False,False,11,5,senior,557704,1
2024-11-17,4860,14.4,2.1,False,False,False,False,11,6,non_senior,2290649,0
2024-11-17,4860,14.4,2.1,False,False,False,False,11,6,senior,412129,1
2024-11-18,4860,7.9,-0.7,False,False,False,False,11,0,non_senior,3904143,0
2024-11-18,4860,7.9,-0.7,False,False,False,False,11,0,senior,632156,1
2024-11-19,4860,11.3,0.3,False,False,False,False,11,1,non_senior,4018173,0
2024-11-19,4860,11.3,0.3,False,False,False,False,11,1,senior,654326,1
2024-11-20,4860,9.6,2.4,False,False,False,False,11,2,non_senior,4084149,0
2024-11-20,4860,9.6,2.4,False,False,False,False,11,2,senior,664216,1
2024-11-21,4860,14.1,6.0,False,False,False,False,11,3,non_senior,4087179,0
2024-11-21,4860,14.1,6.0,False,False,False,False,11,3,senior,658902,1
2024-11-22,4860,10.6,3.3,False,False,False,False,11,4,non_senior,4241701,0
2024-11-22,4860,10.6,3.3,False,False,False,False,11,4,senior,667622,1
2024-11-23,4860,12.6,1.5,False,False,False,False,11,5,non_senior,3132408,0
2024-11-23,4860,12.6,1.5,False,False,False,False,11,5,senior,549778,1
2024-11-24,4860,14.2,2.6,False,False,False,False,11,6,non_senior,2271996,0
2024-11-24,4860,14.2,2.6,False,False,False,False,11,6,senior,417578,1
2024-11-25,4860,15.4,3.6,False,False,False,False,11,0,non_senior,3941432,0
2024-11-25,4860,15.4,3.6,False,False,False,False,11,0,senior,679865,1
2024-11-26,4860,12.7,1.0,False,False,False,False,11,1,non_senior,4042254,0
2024-11-26,4860,12.7,1.0,False,False,False,False,11,1,senior,632364,1
2024-11-27,4860,1.2,-1.3,False,False,False,False,11,2,non_senior,4312147,0
2024-11-27,4860,1.2,-1.3,False,False,False,False,11,2,senior,603516,1
2024-11-28,4860,3.4,-1.7,False,False,False,False,11,3,non_senior,4155334,0
2024-11-28,4860,3.4,-1.7,False,False,False,False,11,3,senior,612826,1
2024-11-29,4860,3.4,-3.4,False,True,False,False,11,4,non_senior,4292858,0
2024-11-29,4860,3.4,-3.4,False,True,False,False,11,4,senior,649603,1
2024-11-30,4860,5.6,-0.5,False,False,False,False,11,5,non_senior,3057093,0
2024-11-30,4860,5.6,-0.5,False,False,False,False,11,5,senior,531559,1
2024-12-01,4860,8.2,1.6,False,False,False,False,12,6,non_senior,2190156,0
2024-12-01,4860,8.2,1.6,False,False,False,False,12,6,senior,419584,1
2024-12-02,4860,13.0,0.6,False,False,False,False,12,0,non_senior,3936647,0
2024-12-02,4860,13.0,0.6,False,False,False,False,12,0,senior,673388,1
2024-12-03,4860,5.2,-2.4,False,False,False,False,12,1,non_senior,4036404,0
2024-12-03,4860,5.2,-2.4,False,False,False,False,12,1,senior,666283,1
2024-12-04,4860,6.9,-0.6,False,False,False,False,12,2,non_senior,4002198,0
2024-12-04,4860,6.9,-0.6,False,False,False,False,12,2,senior,656512,1
2024-12-05,4860,8.8,-0.1,False,False,False,False,12,3,non_senior,4051302,0
2024-12-05,4860,8.8,-0.1,False,False,False,False,12,3,senior,668768,1
2024-12-06,4860,5.2,-0.4,False,False,False,False,12,4,non_senior,4238629,0
2024-12-06,4860,5.2,-0.4,False,False,False,False,12,4,senior,669905,1
2024-12-07,4860,4.6,-2.5,False,False,False,False,12,5,non_senior,3217565,0
2024-12-07,4860,4.6,-2.5,False,False,False,False,12,5,senior,579699,1
2024-12-08,4860,4.1,-3.9,False,True,False,False,12,6,non_senior,2107964,0
2024-12-08,4860,4.1,-3.9,False,True,False,False,12,6,senior,406646,1
2024-12-09,4860,7.4,-3.8,False,True,False,False,12,0,non_senior,3868502,0
2024-12-09,4860,7.4,-3.8,False,True,False,False,12,0,senior,659299,1
2024-12-10,4860,6.9,-1.9,False,False,False,False,12,1,non_senior,4026663,0
2024-12-10,4860,6.9,-1.9,False,False,False,False,12,1,senior,688141,1
2024-12-11,4860,8.2,0.2,False,False,False,False,12,2,non_senior,4077558,0
2024-12-11,4860,8.2,0.2,False,False,False,False,12,2,senior,688050,1
2024-12-12,4860,5.4,-3.2,False,True,False,False,12,3,non_senior,4132343,0
2024-12-12,4860,5.4,-3.2,False,True,False,False,12,3,senior,690018,1
2024-12-13,4860,4.5,-1.5,False,False,False,False,12,4,non_senior,4295279,0
2024-12-13,4860,4.5,-1.5,False,False,False,False,12,4,senior,692058,1
2024-12-14,4860,2.5,-3.6,False,True,False,False,12,5,non_senior,3359765,0
2024-12-14,4860,2.5,-3.6,False,True,False,False,12,5,senior,617215,1
2024-12-15,4860,5.4,-2.2,False,False,False,False,12,6,non_senior,2164865,0
2024-12-15,4860,5.4,-2.2,False,False,False,False,12,6,senior,422348,1
2024-12-16,4860,3.9,-3.3,False,True,False,False,12,0,non_senior,3915829,0
2024-12-16,4860,3.9,-3.3,False,True,False,False,12,0,senior,666387,1
2024-12-17,4860,3.8,-3.5,False,True,False,False,12,1,non_senior,4081621,0
2024-12-17,4860,3.8,-3.5,False,True,False,False,12,1,senior,689376,1
2024-12-18,4860,0.9,-6.2,False,True,False,True,12,2,non_senior,4088521,0
2024-12-18,4860,0.9,-6.2,False,True,False,True,12,2,senior,666419,1
2024-12-19,4860,4.9,-6.7,False,True,False,True,12,3,non_senior,4125481,0
2024-12-19,4860,4.9,-6.7,False,True,False,True,12,3,senior,680137,1
2024-12-20,4860,5.3,-2.1,False,False,False,False,12,4,non_senior,4347557,0
2024-12-20,4860,5.3,-2.1,False,False,False,False,12,4,senior,702303,1
2024-12-21,4860,1.9,-4.7,False,True,False,False,12,5,non_senior,3331994,0
2024-12-21,4860,1.9,-4.7,False,True,False,False,12,5,senior,601301,1
2024-12-22,4860,1.0,-7.7,False,True,False,True,12,6,non_senior,2260172,0
2024-12-22,4860,1.0,-7.7,False,True,False,True,12,6,senior,386476,1
2024-12-23,4860,6.7,-5.0,False,True,False,True,12,0,non_senior,4006467,0
2024-12-23,4860,6.7,-5.0,False,True,False,True,12,0,senior,660093,1
2024-12-24,4860,5.1,-4.3,False,True,False,False,12,1,non_senior,4219199,0
2024-12-24,4860,5.1,-4.3,False,True,False,False,12,1,senior,652572,1
2024-12-25,4860,6.5,-1.1,False,False,False,False,12,2,non_senior,2591992,0
2024-12-25,4860,6.5,-1.1,False,False,False,False,12,2,senior,423969,1
2024-12-26,4860,4.2,-4.8,False,True,False,True,12,3,non_senior,3949663,0
2024-12-26,4860,4.2,-4.8,False,True,False,True,12,3,senior,673140,1
2024-12-27,4860,1.8,-5.9,False,True,False,True,12,4,non_senior,4079240,0
2024-12-27,4860,1.8,-5.9,False,True,False,True,12,4,senior,661196,1
2024-12-28,4860,1.1,-6.7,False,True,False,True,12,5,non_senior,2970468,0
2024-12-28,4860,1.1,-6.7,False,True,False,True,12,5,senior,566489,1
2024-12-29,4860,6.1,-4.2,False,True,False,False,12,6,non_senior,2085594,0
2024-12-29,4860,6.1,-4.2,False,True,False,False,12,6,senior,388208,1
2024-12-30,4860,10.1,1.9,False,False,False,False,12,0,non_senior,3760163,0
2024-12-30,4860,10.1,1.9,False,False,False,False,12,0,senior,654349,1
2024-12-31,4860,4.9,-2.0,False,False,False,False,12,1,non_senior,3759016,0
2024-12-31,4860,4.9,-2.0,False,False,False,False,12,1,senior,621637,1
