date,senior_all_current,total_all_current,current_rows,senior_daily,non_senior_daily,total_daily,valid_age_comparison_rows,station_id,temperature_mean,temperature_max,temperature_min,precipitation,wind_max,wind_mean,humidity_mean,snow_new_max,snow_depth_max,senior_share,weekday,weekend
2024-01-01,533371,3564608,9720,533371,3031237,3564608,9720,108,3.3,7.3,-0.3,0.0,3.2,1.7,83.4,,2.4,0.1496296366949746,0,False
2024-01-02,1138619,8455957,9720,1138619,7317338,8455957,9720,108,2.9,4.3,2.2,0.0,3.1,1.6,72.6,,,0.1346528843512331,1,False
2024-01-03,1174450,8785659,9720,1174450,7611209,8785659,9720,108,1.8,4.0,-1.1,0.6,4.2,1.6,80.4,,,0.13367807696611034,2,False
2024-01-04,1227407,8952987,9720,1227407,7725580,8952987,9720,108,1.4,4.7,-3.3,,3.4,1.9,74.3,,,0.1370946925311072,3,False
2024-01-05,1253869,9240849,9720,1253869,7986980,9240849,9720,108,5.0,9.1,1.4,0.0,4.8,2.3,77.1,,,0.135687640821747,4,False
2024-01-06,996395,6441183,9720,996395,5444788,6441183,9720,108,0.7,5.2,-2.7,2.4,4.0,2.2,63.9,6.0,6.0,0.15469130437685127,5,True
2024-01-07,691666,4528823,9720,691666,3837157,4528823,9720,108,-4.4,-0.9,-8.3,,6.9,3.1,57.4,,5.6,0.15272533282930245,6,True
2024-01-08,1131206,8519864,9720,1131206,7388658,8519864,9720,108,-4.7,0.0,-10.3,,4.0,1.8,57.8,,1.5,0.13277277665465081,0,False
2024-01-09,1124114,8909848,9720,1124114,7785734,8909848,9720,108,-0.6,0.4,-1.9,1.6,3.0,2.0,84.0,2.8,3.1,0.1261653397454143,1,False
2024-01-10,1240231,9064022,9720,1240231,7823791,9064022,9720,108,-1.0,3.3,-4.1,,3.0,1.7,85.9,,3.0,0.13683009595519516,2,False
2024-01-11,1265942,9046627,9720,1265942,7780685,9046627,9720,108,1.7,4.5,-2.4,,3.9,1.9,80.6,,2.0,0.1399352487949376,3,False
2024-01-12,1276749,9354448,9720,1276749,8077699,9354448,9720,108,0.9,4.2,-1.4,,4.3,2.3,61.6,,,0.13648576591585093,4,False
2024-01-13,1053709,6622472,9720,1053709,5568763,6622472,9720,108,0.4,6.4,-3.8,,3.8,1.4,44.3,,,0.15911112949967926,5,True
2024-01-14,676619,4376701,9720,676619,3700082,4376701,9720,108,-0.6,2.4,-3.3,3.1,4.2,2.1,74.5,,,0.15459566463416166,6,True
2024-01-15,1192593,8651390,9720,1192593,7458797,8651390,9720,108,-3.7,0.9,-6.9,,4.9,2.5,51.3,,,0.13784987152353553,0,False
2024-01-16,1246999,8903767,9720,1246999,7656768,8903767,9720,108,-2.1,4.3,-7.2,,3.4,1.5,49.8,,,0.1400529685918331,1,False
2024-01-17,1195249,9001703,9720,1195249,7806454,9001703,9720,108,0.6,1.9,-2.3,9.7,3.4,2.0,78.5,2.3,2.3,0.13278031945732935,2,False
2024-01-18,1271844,9078387,9720,1271844,7806543,9078387,9720,108,4.5,9.4,1.4,0.5,5.5,2.4,81.5,,1.1,0.1400958121745636,3,False
2024-01-19,1311726,9386082,9720,1311726,8074356,9386082,9720,108,5.4,9.0,4.0,,7.1,4.5,65.4,,,0.13975224167016653,4,False
2024-01-20,1021544,6559842,9720,1021544,5538298,6559842,9720,108,3.4,4.9,1.9,0.4,7.2,5.3,69.5,,,0.15572692147158423,5,True
2024-01-21,746581,4615488,9720,746581,3868907,4615488,9720,108,1.7,4.3,-2.4,0.4,5.3,2.5,75.8,,,0.16175559334137582,6,True
2024-01-22,1119170,8436299,9720,1119170,7317129,8436299,9720,108,-8.7,-2.4,-11.9,0.2,6.3,4.1,65.6,2.3,2.3,0.1326612534714571,0,False
2024-01-23,1010576,8258530,9720,1010576,7247954,8258530,9720,108,-11.7,-8.2,-14.0,,6.6,3.9,53.6,,,0.1223675399859297,1,False
2024-01-24,1097646,8573690,9720,1097646,7476044,8573690,9720,108,-8.0,-3.7,-11.2,,5.9,3.3,52.0,,,0.12802492275787905,2,False
2024-01-25,1210793,8870050,9720,1210793,7659257,8870050,9720,108,-5.3,-0.5,-9.7,,3.7,2.1,47.8,,,0.13650351463633237,3,False
2024-01-26,1293248,9264748,9720,1293248,7971500,9264748,9720,108,-1.7,4.0,-6.9,,3.9,1.9,62.5,,,0.13958803844421888,4,False
2024-01-27,1039328,6549319,9720,1039328,5509991,6549319,9720,108,-0.5,4.6,-4.6,,4.8,1.8,70.0,,,0.15869252971186776,5,True
2024-01-28,762709,4671340,9720,762709,3908631,4671340,9720,108,-1.5,3.8,-5.0,,3.6,1.9,62.3,,,0.16327413547290498,6,True
2024-01-29,1259749,8703248,9720,1259749,7443499,8703248,9720,108,-0.4,4.6,-4.8,,3.7,1.7,66.6,,,0.1447446976117422,0,False
2024-01-30,1283920,8955556,9720,1283920,7671636,8955556,9720,108,1.4,8.1,-4.0,,2.9,1.4,59.3,,,0.1433657497088958,1,False
2024-01-31,1275705,9006460,9720,1275705,7730755,9006460,9720,108,4.7,10.6,0.7,,4.3,1.9,54.1,,,0.14164333156423278,2,False
2024-02-01,1266858,9044875,9720,1266858,7778017,9044875,9720,108,2.4,8.2,-1.3,,4.4,2.1,64.9,,,0.14006362719219448,3,False
2024-02-02,1291532,9348589,9720,1291532,8057057,9348589,9720,108,3.1,7.9,0.7,,4.1,2.1,65.5,,,0.13815261319114575,4,False
2024-02-03,1008573,6367236,9720,1008573,5358663,6367236,9720,108,4.7,8.3,-0.2,0.0,4.4,2.2,63.9,,,0.15840044251540228,5,True
2024-02-04,804812,4752929,9720,804812,3948117,4752929,9720,108,7.3,12.2,3.7,,4.7,1.8,60.9,,,0.1693296912282931,6,True
2024-02-05,1194059,8752753,9720,1194059,7558694,8752753,9720,108,2.7,6.6,0.1,3.9,8.8,5.0,81.8,3.6,3.6,0.13642096378133828,0,False
2024-02-06,1264590,9051401,9720,1264590,7786811,9051401,9720,108,1.2,2.9,0.0,0.2,3.4,2.2,83.5,0.2,3.8,0.1397120733022435,1,False
2024-02-07,1256711,9031602,9720,1256711,7774891,9031602,9720,108,0.6,2.7,-0.9,0.0,3.6,2.1,76.6,,,0.1391459676810382,2,False
2024-02-08,1151044,8601700,9720,1151044,7450656,8601700,9720,108,0.6,6.2,-3.0,,4.0,1.6,66.9,,,0.13381587360638014,3,False
2024-02-09,500724,3543040,9720,500724,3042316,3543040,9720,108,1.1,6.1,-2.5,,4.5,2.2,66.8,,,0.14132609284682082,4,False
2024-02-10,341076,2842818,9720,341076,2501742,2842818,9720,108,1.7,7.4,-1.5,,4.7,1.9,69.4,,,0.11997813437230241,5,True
2024-02-11,573190,3917555,9720,573190,3344365,3917555,9720,108,1.0,5.5,-3.1,0.0,5.5,2.2,70.6,,,0.14631319790022093,6,True
2024-02-12,689791,4239598,9720,689791,3549807,4239598,9720,108,3.5,10.5,-2.9,,3.6,1.8,62.8,,,0.1627019825936327,0,False
2024-02-13,1201521,8484208,9720,1201521,7282687,8484208,9720,108,8.2,13.7,2.0,,5.6,2.5,70.6,,,0.14161852231817043,1,False
2024-02-14,1271234,9224251,9720,1271234,7953017,9224251,9720,108,12.9,18.3,8.8,,4.4,2.2,76.4,,,0.1378143331095392,2,False
2024-02-15,1170006,9014344,9720,1170006,7844338,9014344,9720,108,4.5,11.6,0.6,10.9,6.5,2.9,89.9,1.5,1.5,0.129793804185862,3,False
2024-02-16,1327636,9677795,9720,1327636,8350159,9677795,9720,108,2.3,8.1,-1.5,,3.7,1.8,72.4,,,0.1371837283182791,4,False
2024-02-17,1115839,7081397,9720,1115839,5965558,7081397,9720,108,4.4,11.7,-1.2,,3.0,1.7,73.5,,,0.15757328673989046,5,True
2024-02-18,769464,4902474,9720,769464,4133010,4902474,9720,108,6.2,9.4,1.2,17.1,5.0,2.8,81.4,,,0.15695422352061428,6,True
2024-02-19,1175860,8688483,9720,1175860,7512623,8688483,9720,108,9.1,11.9,4.2,8.9,4.8,2.3,95.8,,,0.13533547801152399,0,False
2024-02-20,1291932,9196591,9720,1291932,7904659,9196591,9720,108,4.3,6.8,2.8,2.6,7.5,3.4,86.3,,,0.14047944504653953,1,False
2024-02-21,1179250,9019632,9720,1179250,7840382,9019632,9720,108,1.9,4.0,0.0,17.8,7.2,5.2,92.5,5.2,5.2,0.13074258461986032,2,False
2024-02-22,1201048,9375994,9720,1201048,8174946,9375994,9720,108,0.2,1.6,-1.1,8.8,6.0,4.2,84.5,8.6,13.8,0.1280982048410014,3,False
2024-02-23,1309126,9676282,9720,1309126,8367156,9676282,9720,108,1.8,6.1,-1.0,0.4,5.5,3.5,68.8,0.3,10.2,0.13529225378094603,4,False
2024-02-24,1076809,7088366,9720,1076809,6011557,7088366,9720,108,2.0,5.9,-1.3,2.3,4.7,2.9,68.6,,2.0,0.1519121614205587,5,True
2024-02-25,765293,5078842,9720,765293,4313549,5078842,9720,108,2.8,5.9,0.8,1.8,3.8,2.0,80.8,0.2,0.2,0.15068257685511777,6,True
2024-02-26,1295323,9056239,9720,1295323,7760916,9056239,9720,108,3.8,9.7,-1.2,,3.7,1.9,65.3,,,0.1430310087885269,0,False
2024-02-27,1318043,9261050,9720,1318043,7943007,9261050,9720,108,5.3,9.8,1.2,,5.2,3.0,52.0,,,0.1423211190955669,1,False
2024-02-28,1327131,9369718,9720,1327131,8042587,9369718,9720,108,6.4,10.1,3.2,,3.3,2.1,59.5,,,0.14164044211362606,2,False
2024-02-29,1300010,9498992,9720,1300010,8198982,9498992,9720,108,4.8,9.6,0.3,,6.6,2.2,63.6,,,0.1368576792148051,3,False
2024-03-01,901908,5890505,9720,901908,4988597,5890505,9720,108,-4.1,0.3,-7.1,,7.5,4.4,38.9,,,0.15311216949989856,4,False
2024-03-02,914093,6000237,9720,914093,5086144,6000237,9720,108,-0.5,4.1,-8.1,0.0,7.1,3.2,60.4,,,0.15234281579210954,5,True
2024-03-03,783982,4722710,9720,783982,3938728,4722710,9720,108,4.0,7.8,0.4,,5.9,2.9,71.5,,,0.16600257055800588,6,True
2024-03-04,1288338,8998521,9720,1288338,7710183,8998521,9720,108,5.4,11.7,-1.8,,3.2,1.6,45.5,,,0.14317219463065098,0,False
2024-03-05,1282416,9258541,9720,1282416,7976125,9258541,9720,108,8.0,11.0,5.5,,5.5,2.9,45.1,,,0.13851167262746905,1,False
2024-03-06,1326753,9445525,9720,1326753,8118772,9445525,9720,108,6.2,10.3,2.5,,5.1,2.8,58.8,,,0.1404636587166939,2,False
2024-03-07,1297603,9541461,9720,1297603,8243858,9541461,9720,108,3.9,8.2,1.2,2.1,4.9,3.0,62.4,,,0.13599625885385896,3,False
2024-03-08,1325680,9848014,9720,1325680,8522334,9848014,9720,108,2.1,6.5,-0.7,,6.9,3.4,50.6,,,0.13461394348139635,4,False
2024-03-09,1104044,7033406,9720,1104044,5929362,7033406,9720,108,2.0,7.1,-2.1,,4.8,2.7,50.8,,,0.1569714587782932,5,True
2024-03-10,835336,5127614,9720,835336,4292278,5127614,9720,108,4.2,10.6,-1.8,,4.4,2.1,54.0,,,0.16290929855484443,6,True
2024-03-11,1292943,9184600,9720,1292943,7891657,9184600,9720,108,6.2,10.8,2.0,,,,62.3,,,0.14077292424275417,0,False
2024-03-12,1274819,9342907,9720,1274819,8068088,9342907,9720,108,6.6,10.0,4.4,2.1,,,78.0,,,0.1364477886807607,1,False
2024-03-13,1359426,9601365,9720,1359426,8241939,9601365,9720,108,6.5,12.0,1.3,,6.2,2.7,57.6,,,0.1415867431349605,2,False
2024-03-14,1353796,9691323,9720,1353796,8337527,9691323,9720,108,8.5,15.4,3.4,,4.8,,58.3,,,0.13969155707636616,3,False
2024-03-15,1357243,9919081,9720,1357243,8561838,9919081,9720,108,8.9,14.5,4.0,,5.3,2.3,68.5,,,0.1368315270336032,4,False
2024-03-16,1143977,7367729,9720,1143977,6223752,7367729,9720,108,10.9,18.3,4.4,,4.7,2.1,54.5,,,0.15526860447771626,5,True
2024-03-17,833169,5355188,9720,833169,4522019,5355188,9720,108,8.8,12.2,5.4,0.1,6.3,3.7,48.0,,,0.15558165278231129,6,True
2024-03-18,1316668,9298699,9720,1316668,7982031,9298699,9720,108,7.1,13.2,1.4,,4.5,2.4,28.6,,,0.14159701265736208,0,False
2024-03-19,1295630,9437487,9720,1295630,8141857,9437487,9720,108,6.7,9.8,3.9,0.2,7.4,3.7,60.8,,,0.1372854871217306,1,False
2024-03-20,1343042,9550237,9720,1343042,8207195,9550237,9720,108,4.4,8.7,1.2,,6.1,3.4,46.5,,,0.1406291801973082,2,False
2024-03-21,1349688,9728375,9720,1349688,8378687,9728375,9720,108,5.0,11.5,-1.2,,4.9,2.0,46.5,,,0.13873725056856875,3,False
2024-03-22,1309695,9815419,9720,1309695,8505724,9815419,9720,108,10.4,15.2,3.8,5.4,8.4,3.4,57.0,,,0.13343240874383458,4,False
2024-03-23,1112350,7303943,9720,1112350,6191593,7303943,9720,108,13.0,18.2,9.3,0.1,4.1,2.3,66.0,,,0.1522944524621838,5,True
2024-03-24,845732,5385726,9720,845732,4539994,5385726,9720,108,16.2,23.4,10.5,,4.0,2.4,42.5,,,0.15703212528821556,6,True
2024-03-25,1259966,9209246,9720,1259966,7949280,9209246,9720,108,10.6,14.5,6.7,5.1,6.9,4.0,63.0,,,0.13681532668363947,0,False
2024-03-26,1300521,9495883,9720,1300521,8195362,9495883,9720,108,7.4,12.4,3.2,11.5,5.7,2.6,77.3,,,0.1369562999038636,1,False
2024-03-27,1385626,9791994,9720,1385626,8406368,9791994,9720,108,10.4,16.2,4.4,,4.4,2.0,68.4,,,0.14150600990972828,2,False
2024-03-28,1336592,10377175,9720,1336592,9040583,10377175,9720,108,10.3,12.2,7.8,1.9,4.4,1.8,81.8,,,0.1288011428929357,3,False
2024-03-29,1253119,9894479,9720,1253119,8641360,9894479,9720,108,7.6,12.3,5.0,1.4,5.4,2.8,73.0,,,0.12664830558536735,4,False
2024-03-30,1104145,7326169,9720,1104145,6222024,7326169,9720,108,8.8,15.6,3.0,,5.6,2.4,56.5,,,0.150712466501933,5,True
2024-03-31,841092,5428871,9720,841092,4587779,5428871,9720,108,10.6,17.7,3.4,,4.4,1.9,39.9,,,0.1549294503405957,6,True
2024-04-01,1301681,13314979,9720,1301681,12013298,13314979,9720,108,12.2,19.0,5.5,,4.3,1.8,32.0,,,0.0977606498665901,0,False
2024-04-02,1339255,13745908,9720,1339255,12406653,13745908,9720,108,15.4,23.9,7.0,,4.5,2.0,37.5,,,0.097429358613487,1,False
2024-04-03,1275813,13523567,9720,1275813,12247754,13523567,9720,108,16.6,19.7,13.9,0.0,3.4,1.8,55.9,,,0.09433997701937662,2,False
2024-04-04,1344843,13902669,9720,1344843,12557826,13902669,9720,108,15.5,20.3,12.4,,5.2,2.9,52.1,,,0.09673272088978023,3,False
2024-04-05,1343167,14047458,9720,1343167,12704291,14047458,9720,108,14.0,18.8,10.2,,5.2,2.5,51.3,,,0.09561637415110975,4,False
2024-04-06,1142133,10169402,9720,1142133,9027269,10169402,9720,108,12.7,18.9,8.0,,5.1,1.9,48.6,,,0.11231073370882574,5,True
2024-04-07,881365,7437957,9720,881365,6556592,7437957,9720,108,14.8,23.4,7.7,,5.9,2.0,33.4,,,0.11849557613737213,6,True
2024-04-08,1321904,13256324,9720,1321904,11934420,13256324,9720,108,16.2,22.8,11.0,,5.2,2.1,46.5,,,0.09971874555872352,0,False
2024-04-09,1387544,13997813,9720,1387544,12610269,13997813,9720,108,15.3,20.8,10.6,,7.9,3.5,32.4,,,0.09912577057573208,1,False
2024-04-10,944251,7640090,9720,944251,6695839,7640090,9720,108,13.8,18.5,10.2,,5.2,2.6,62.6,,,0.12359160690515426,2,False
2024-04-11,1299173,13367831,9720,1299173,12068658,13367831,9720,108,15.5,21.1,11.7,0.0,3.4,1.8,61.0,,,0.09718652188227095,3,False
2024-04-12,1361460,13767459,9720,1361460,12405999,13767459,9720,108,17.2,24.2,12.0,,4.3,2.1,59.6,,,0.0988897079700764,4,False
2024-04-13,1133765,9603647,9720,1133765,8469882,9603647,9720,108,19.1,27.3,11.2,,4.4,1.9,52.4,,,0.11805567197544849,5,True
2024-04-14,838779,6847140,9720,838779,6008361,6847140,9720,108,20.8,29.4,13.6,,5.3,1.9,47.1,,,0.12250063530174642,6,True
2024-04-15,1181818,12673785,9720,1181818,11491967,12673785,9720,108,16.0,20.0,11.7,17.1,5.1,2.5,77.4,,,0.09324901755868512,0,False
2024-04-16,1328067,13467730,9720,1328067,12139663,13467730,9720,108,13.3,17.9,11.5,2.3,4.1,2.5,82.6,,,0.09861105026608047,1,False
2024-04-17,1367795,13580844,9720,1367795,12213049,13580844,9720,108,15.0,21.8,9.7,,4.1,2.2,65.3,,,0.10071502183516724,2,False
2024-04-18,1354014,13595085,9720,1354014,12241071,13595085,9720,108,17.3,24.9,10.7,,4.9,2.2,53.3,,,0.09959584658720412,3,False
2024-04-19,1376910,13743155,9720,1376910,12366245,13743155,9720,108,17.6,24.3,11.5,,4.4,2.1,51.8,,,0.10018878488964142,4,False
2024-04-20,1037406,8822105,9720,1037219,7784780,8821999,9719,108,14.9,17.2,13.0,4.8,5.8,3.0,77.3,,,0.11757187911719329,5,True
2024-04-21,845997,6584175,9720,845997,5738178,6584175,9720,108,17.2,21.7,13.3,,5.5,3.8,65.5,,,0.12848944628598116,6,True
2024-04-22,1322911,13039572,9720,1322911,11716661,13039572,9720,108,18.8,24.1,15.0,,5.2,3.1,49.4,,,0.10145355997880912,0,False
2024-04-23,1343860,13409275,9720,1343860,12065415,13409275,9720,108,17.3,24.2,13.2,0.0,5.4,3.6,55.0,,,0.10021869191287373,1,False
2024-04-24,1282910,13230237,9720,1282910,11947327,13230237,9720,108,13.2,16.5,11.0,9.0,5.4,3.0,80.1,,,0.09696802861505807,2,False
2024-04-25,1386652,13681432,9720,1386652,12294780,13681432,9720,108,14.4,20.8,10.3,,3.3,1.9,75.6,,,0.10135284084297609,3,False
2024-04-26,1385802,13994477,9720,1385802,12608675,13994477,9720,108,17.8,26.0,11.4,,5.1,1.9,61.1,,,0.09902492247477344,4,False
2024-04-27,1153122,10056105,9720,1153122,8902983,10056105,9720,108,18.2,26.2,11.5,,4.5,1.9,56.4,,,0.11466885041474806,5,True
2024-04-28,860727,7325481,9720,860727,6464754,7325481,9720,108,20.7,28.9,13.0,,3.4,1.6,53.5,,,0.11749767694435355,6,True
2024-04-29,1317508,13436694,9720,1317508,12119186,13436694,9720,108,20.9,26.1,16.9,,5.5,3.0,48.0,,,0.09805298833180245,0,False
2024-04-30,1360785,14011937,9720,1360785,12651152,14011937,9720,108,18.6,22.5,16.0,,4.4,2.2,62.5,,,0.09711612320266641,1,False
2024-05-01,1133513,6972696,9720,1133513,5839183,6972696,9720,108,18.5,24.0,13.9,,4.3,2.4,46.0,,,0.16256452310555344,2,False
2024-05-02,1348876,9839439,9720,1348876,8490563,9839439,9720,108,18.1,23.7,12.4,,5.2,2.4,48.4,,,0.13708871003722875,3,False
2024-05-03,1349092,10200826,9720,1349092,8851734,10200826,9720,108,19.7,27.9,12.2,,3.6,1.9,46.9,,,0.13225321165168388,4,False
2024-05-04,1039138,7276504,9720,1039138,6237366,7276504,9720,108,21.4,28.5,14.6,0.0,4.3,1.9,44.8,,,0.14280731516123676,5,True
2024-05-05,604927,4519468,9720,604927,3914541,4519468,9720,108,17.8,20.6,15.7,48.3,5.6,2.5,87.4,,,0.133849161007446,6,True
2024-05-06,725592,4689965,9720,725592,3964373,4689965,9720,108,13.9,15.7,13.4,12.3,4.9,3.1,92.9,,,0.1547116023253905,0,False
2024-05-07,1286701,9318609,9720,1286701,8031908,9318609,9720,108,13.3,15.0,12.2,2.4,4.9,3.0,77.3,,,0.1380786553014511,1,False
2024-05-08,1369652,9605943,9720,1369652,8236291,9605943,9720,108,14.7,21.4,9.0,,4.9,2.3,58.8,,,0.14258381504033493,2,False
2024-05-09,1370304,9787926,9720,1370304,8417622,9787926,9720,108,16.1,21.8,10.9,,5.9,2.9,63.6,,,0.1399994237798692,3,False
2024-05-10,1394527,10209886,9720,1394527,8815359,10209886,9720,108,17.9,23.8,12.5,,5.5,2.6,55.6,,,0.1365859520860468,4,False
2024-05-11,1059000,6949456,9720,1059000,5890456,6949456,9720,108,17.0,22.0,14.0,31.7,9.1,3.5,80.0,,,0.1523860284891364,5,True
2024-05-12,881583,5552943,9720,881583,4671360,5552943,9720,108,16.6,21.6,11.9,,5.8,2.7,65.0,,,0.15875959828869124,6,True
2024-05-13,1371574,9428888,9720,1371574,8057314,9428888,9720,108,18.3,24.5,11.9,,5.3,2.3,51.9,,,0.14546508559651997,0,False
2024-05-14,1406849,10071954,9720,1406849,8665105,10071954,9720,108,18.8,24.7,12.7,,5.3,2.4,43.3,,,0.13967984762440336,1,False
2024-05-15,938357,5388473,9720,938357,4450116,5388473,9720,108,12.6,18.8,7.2,20.6,6.6,2.7,74.3,,,0.17414154251120864,2,False
2024-05-16,1395916,9729365,9720,1395916,8333449,9729365,9720,108,13.7,19.8,6.9,0.1,5.7,3.1,61.3,,,0.14347452274634573,3,False
2024-05-17,1394111,10048143,9720,1394111,8654032,10048143,9720,108,18.3,24.9,10.8,,4.2,2.2,63.6,,,0.13874314885845077,4,False
2024-05-18,1174624,7551807,9720,1174624,6377183,7551807,9720,108,20.7,26.5,16.0,,4.9,2.0,65.3,,,0.15554211064980872,5,True
2024-05-19,887904,5490349,9720,887904,4602445,5490349,9720,108,21.5,27.9,15.9,,4.5,1.9,63.1,,,0.16172086692485305,6,True
2024-05-20,1343986,9246190,9720,1343986,7902204,9246190,9720,108,19.4,22.8,16.8,,4.6,2.3,75.0,,,0.1453556545993539,0,False
2024-05-21,1383665,9637699,9720,1383665,8254034,9637699,9720,108,21.7,28.3,16.3,,3.6,1.9,68.1,,,0.14356798235761462,1,False
2024-05-22,1375994,9696405,9720,1375994,8320411,9696405,9720,108,20.5,25.5,16.4,,4.3,2.3,68.9,,,0.1419076451530232,2,False
2024-05-23,1366604,9748970,9720,1366604,8382366,9748970,9720,108,20.2,26.4,15.8,,4.3,2.5,67.9,,,0.14017932150781057,3,False
2024-05-24,1379773,10014930,9720,1379773,8635157,10014930,9720,108,20.1,24.7,15.7,,4.7,2.1,75.1,,,0.1377716069907628,4,False
2024-05-25,1188874,7633562,9720,1188874,6444688,7633562,9720,108,21.4,24.7,18.7,,3.8,1.8,62.8,,,0.15574302009992189,5,True
2024-05-26,794298,5045265,9720,794298,4250967,5045265,9720,108,19.9,23.7,17.0,8.7,5.7,2.7,74.3,,,0.15743434685789548,6,True
2024-05-27,1346668,9331169,9720,1346668,7984501,9331169,9720,108,18.5,22.6,14.1,,6.4,3.3,63.4,,,0.14431932376318551,0,False
2024-05-28,1368310,9577130,9720,1368310,8208820,9577130,9720,108,20.4,26.1,14.3,,4.6,2.5,54.8,,,0.1428726560044606,1,False
2024-05-29,1357489,9661801,9720,1357489,8304312,9661801,9720,108,21.2,26.8,15.4,,4.9,2.1,51.6,,,0.14050061681046835,2,False
2024-05-30,1341380,9617195,9720,1341380,8275815,9617195,9720,108,20.7,24.6,16.2,,3.4,1.6,49.1,,,0.13947725922163376,3,False
2024-05-31,1350126,9907724,9720,1350126,8557598,9907724,9720,108,20.4,25.4,16.9,1.0,6.0,2.6,60.0,,,0.1362700454715937,4,False
2024-06-01,1138695,7358806,9720,1138695,6220111,7358806,9720,108,20.7,25.2,17.5,0.0,5.3,2.8,61.3,,,0.1547390976199128,5,True
2024-06-02,841700,5131617,9720,841700,4289917,5131617,9720,108,20.4,25.8,15.7,,5.1,2.7,51.9,,,0.16402237345460505,6,True
2024-06-03,1324557,9216219,9720,1324557,7891662,9216219,9720,108,22.2,28.7,15.7,,4.2,2.4,47.4,,,0.14372021758597534,0,False
2024-06-04,1352662,9512026,9720,1352662,8159364,9512026,9720,108,22.8,29.3,16.3,,4.1,2.4,42.1,,,0.1422054565452197,1,False
2024-06-05,1356778,9828890,9720,1356778,8472112,9828890,9720,108,23.6,30.1,18.1,,4.7,1.9,53.9,,,0.13803979900070099,2,False
2024-06-06,977667,5734603,9720,977667,4756936,5734603,9720,108,24.1,31.4,19.3,,4.3,2.0,54.3,,,0.17048555933165732,3,False
2024-06-07,1318201,9030122,9720,1318201,7711921,9030122,9720,108,23.1,28.0,18.3,0.8,4.0,1.9,54.3,,,0.14597820494562533,4,False
2024-06-08,979766,6215165,9720,979766,5235399,6215165,9720,108,20.3,25.0,17.9,16.9,3.9,1.6,79.5,,,0.15764118893062373,5,True
2024-06-09,836295,4974897,9720,836295,4138602,4974897,9720,108,22.9,28.8,17.4,,4.5,1.8,68.9,,,0.16810297781039488,6,True
2024-06-10,1327018,9115794,9720,1327018,7788776,9115794,9720,108,24.7,31.1,19.0,,4.6,2.2,66.3,,,0.1455734958468785,0,False
2024-06-11,1340295,9420061,9720,1340295,8079766,9420061,9720,108,25.4,31.6,21.7,,4.7,2.4,62.4,,,0.1422809257816908,1,False
2024-06-12,1341028,9482606,9720,1341028,8141578,9482606,9720,108,24.8,31.8,19.2,,4.7,2.1,60.8,,,0.1414197742688033,2,False
2024-06-13,1337668,9600075,9720,1337668,8262407,9600075,9720,108,26.4,32.8,20.0,,4.3,1.8,51.4,,,0.13933932807816607,3,False
2024-06-14,1332752,9795574,9720,1332752,8462822,9795574,9720,108,26.3,33.0,21.4,,5.9,2.3,56.0,,,0.13605654962128816,4,False
2024-06-15,1092058,6832653,9720,1092058,5740595,6832653,9720,108,24.2,28.2,21.8,6.1,3.9,1.9,72.3,,,0.1598292786125682,5,True
2024-06-16,817649,5050981,9720,817649,4233332,5050981,9720,108,24.3,29.5,19.9,,5.0,2.8,58.4,,,0.16187924682353785,6,True
2024-06-17,1309647,9119018,9720,1309647,7809371,9119018,9720,108,24.8,30.2,18.9,,5.0,2.4,48.4,,,0.14361710877201908,0,False
2024-06-18,1321647,9352413,9720,1321647,8030766,9352413,9720,108,26.0,32.9,20.4,,4.2,2.1,59.5,,,0.14131615017429192,1,False
2024-06-19,1300320,9389364,9720,1300320,8089044,9389364,9720,108,28.8,35.8,21.4,,4.0,1.6,54.3,,,0.13848861328626733,2,False
2024-06-20,1312009,9486014,9720,1312009,8174005,9486014,9720,108,29.4,35.4,23.4,,3.8,2.0,45.1,,,0.13830983171646172,3,False
2024-06-21,1314193,9722065,9720,1314193,8407872,9722065,9720,108,28.1,33.9,22.9,,4.8,2.0,49.8,,,0.1351763231371113,4,False
2024-06-22,968393,6552095,9720,968393,5583702,6552095,9720,108,24.2,26.1,22.6,16.5,3.4,2.0,80.6,,,0.14779898643105754,5,True
2024-06-23,789224,4984674,9720,789224,4195450,4984674,9720,108,25.1,30.1,22.5,5.1,5.2,2.2,79.5,,,0.1583301134637892,6,True
2024-06-24,1294659,9039269,9720,1294659,7744610,9039269,9720,108,24.3,27.9,21.2,0.0,5.4,2.9,70.4,,,0.14322607281628635,0,False
2024-06-25,1361757,9410557,9720,1361757,8048800,9410557,9720,108,22.9,27.2,19.1,,6.2,3.0,61.9,,,0.1447052496467531,1,False
2024-06-26,1349288,9497729,9720,1349288,8148441,9497729,9720,108,24.9,31.6,18.9,,5.0,1.9,61.0,,,0.14206427662865512,2,False
2024-06-27,1340760,9485958,9720,1340760,8145198,9485958,9720,108,26.3,31.6,20.6,,4.0,1.6,55.0,,,0.14134154926682155,3,False
2024-06-28,1352111,9794631,9720,1352111,8442520,9794631,9720,108,26.6,32.5,21.3,,4.7,2.1,54.6,,,0.13804613976779728,4,False
2024-06-29,1061407,6736887,9720,1061407,5675480,6736887,9720,108,26.7,32.3,21.6,38.3,5.5,2.2,65.1,,,0.15755155162911297,5,True
2024-06-30,701047,4453385,9720,701047,3752338,4453385,9720,108,23.5,24.9,22.0,32.2,7.2,3.7,88.5,,,0.15741890719082227,6,True
2024-07-01,1289939,8980642,9720,1289939,7690703,8980642,9720,108,26.3,31.3,22.0,,3.4,1.8,69.1,,,0.1436354995555997,0,False
2024-07-02,1073748,8570233,9720,1073748,7496485,8570233,9720,108,23.2,25.2,21.9,65.1,5.3,2.8,90.0,,,0.12528807559841137,1,False
2024-07-03,1305019,9299600,9720,1305019,7994581,9299600,9720,108,24.7,25.9,23.6,0.8,5.5,3.6,80.3,,,0.14033065938319927,2,False
2024-07-04,1301993,9369324,9720,1301993,8067331,9369324,9720,108,26.8,30.6,23.2,3.6,6.6,3.0,74.8,,,0.13896338732655633,3,False
2024-07-05,1303677,9602767,9720,1303677,8299090,9602767,9720,108,23.4,26.1,21.3,4.1,7.6,3.3,80.5,,,0.13576055734768946,4,False
2024-07-06,994750,6409853,9720,994750,5415103,6409853,9720,108,25.1,30.0,22.1,2.8,6.5,3.2,84.1,,,0.15519076646531518,5,True
2024-07-07,795635,4869678,9720,795635,4074043,4869678,9720,108,24.4,28.2,21.5,28.7,4.2,1.8,85.1,,,0.16338554623118817,6,True
2024-07-08,1160721,8589594,9720,1160721,7428873,8589594,9720,108,23.8,24.5,23.1,21.1,4.0,1.8,93.4,,,0.13513106673027853,0,False
2024-07-09,1273214,9102098,9720,1273214,7828884,9102098,9720,108,24.5,26.7,22.7,0.3,4.7,1.8,86.9,,,0.13988137679906326,1,False
2024-07-10,1298595,9300078,9720,1298595,8001483,9300078,9720,108,26.6,31.1,22.7,1.4,4.9,2.2,77.1,,,0.13963269985477542,2,False
2024-07-11,1312776,9369872,9720,1312776,8057096,9369872,9720,108,25.7,28.9,23.3,,3.7,2.1,79.6,,,0.14010607615557608,3,False
2024-07-12,1318743,9644836,9720,1318743,8326093,9644836,9720,108,25.6,30.2,21.8,,3.4,1.6,79.5,,,0.1367304742143879,4,False
2024-07-13,1052704,6929654,9720,1052704,5876950,6929654,9720,108,28.1,33.3,23.5,0.0,4.2,1.9,70.0,,,0.15191292379100024,5,True
2024-07-14,777455,5034303,9720,777455,4256848,5034303,9720,108,28.4,32.1,24.9,0.4,3.8,2.4,65.9,,,0.15443150720169208,6,True
2024-07-15,1284690,8981293,9720,1284690,7696603,8981293,9720,108,28.4,31.3,24.5,0.0,3.7,2.4,64.6,,,0.14304065127370857,0,False
2024-07-16,1245848,9069120,9720,1245848,7823272,9069120,9720,108,27.0,30.7,24.6,17.0,5.1,2.3,78.4,,,0.13737253449066722,1,False
2024-07-17,1110061,8765122,9720,1110061,7655061,8765122,9720,108,25.4,28.1,24.1,98.8,6.8,2.5,91.6,,,0.12664524235943322,2,False
2024-07-18,1022256,8588935,9720,1022256,7566679,8588935,9720,108,24.3,25.6,23.1,128.8,7.5,2.2,95.3,,,0.11902011134092877,3,False
2024-07-19,1325255,9649253,9720,1325255,8323998,9649253,9720,108,27.0,30.8,24.2,0.1,4.1,2.2,80.1,,,0.13734275596256001,4,False
2024-07-20,990232,6353033,9720,990232,5362801,6353033,9720,108,27.2,30.6,25.1,14.9,6.1,2.7,80.4,,,0.15586759898775907,5,True
2024-07-21,737993,4713938,9720,737993,3975945,4713938,9720,108,26.5,29.8,22.5,8.5,8.3,3.6,83.6,,,0.1565555168523642,6,True
2024-07-22,1163643,8630173,9720,1163643,7466530,8630173,9720,108,26.6,27.9,24.3,79.9,7.9,3.1,89.0,,,0.13483426114401184,0,False
2024-07-23,1204660,8913846,9720,1204660,7709186,8913846,9720,108,26.4,27.3,25.8,2.0,6.4,3.2,87.9,,,0.13514480730315512,1,False
2024-07-24,1256096,9166833,9720,1256096,7910737,9166833,9720,108,28.1,30.9,26.0,14.7,5.4,2.6,85.0,,,0.13702616814334898,2,False
2024-07-25,1280920,9246372,9720,1280920,7965452,9246372,9720,108,28.8,32.2,25.4,25.3,5.0,1.8,79.8,,,0.13853217240232168,3,False
2024-07-26,1243583,9201857,9720,1243583,7958274,9201857,9720,108,28.7,32.7,25.2,5.5,5.5,2.3,81.9,,,0.13514478653602202,4,False
2024-07-27,934974,6114335,9720,934974,5179361,6114335,9720,108,28.9,31.7,27.5,33.5,4.5,1.7,83.6,,,0.15291507580137498,5,True
2024-07-28,725207,4684027,9720,725207,3958820,4684027,9720,108,29.2,32.2,27.3,0.0,6.8,3.2,76.0,,,0.1548255379398966,6,True
2024-07-29,1167439,8470033,9720,1167439,7302594,8470033,9720,108,27.4,27.8,26.8,0.0,6.6,3.8,84.0,,,0.13783169439835713,0,False
2024-07-30,1200316,8828253,9720,1200316,7627937,8828253,9720,108,28.6,31.9,26.3,,4.3,2.8,78.8,,,0.1359630268865199,1,False
2024-07-31,1186469,8895011,9720,1186469,7708542,8895011,9720,108,29.4,33.3,27.0,,4.5,2.6,74.5,,,0.1333858946323956,2,False
2024-08-01,1133688,8644783,9720,1133688,7511095,8644783,9720,108,29.9,33.2,27.3,0.3,3.9,2.6,75.5,,,0.1311412906489382,3,False
2024-08-02,1119711,8643253,9720,1119711,7523542,8643253,9720,108,29.6,32.5,28.2,,4.2,2.6,79.4,,,0.1295474053576819,4,False
2024-08-03,857595,5881262,9720,857595,5023667,5881262,9720,108,30.2,34.2,27.2,,4.3,2.2,75.0,,,0.14581819344215577,5,True
2024-08-04,679536,4342907,9720,679536,3663371,4342907,9720,108,31.8,36.2,27.3,,3.4,1.6,69.3,,,0.15647030894283484,6,True
2024-08-05,1110243,8155506,9720,1110243,7045263,8155506,9720,108,30.0,33.7,26.9,1.3,4.8,1.9,75.5,,,0.13613416506590761,0,False
2024-08-06,1134511,8486338,9720,1134511,7351827,8486338,9720,108,29.5,33.5,25.6,0.0,3.7,1.9,74.8,,,0.1336867562899333,1,False
2024-08-07,1141772,8590739,9720,1141772,7448967,8590739,9720,108,29.6,33.4,27.2,3.4,3.6,1.7,72.0,,,0.1329073086727463,2,False
2024-08-08,1162755,8708693,9720,1162755,7545938,8708693,9720,108,28.5,31.6,26.9,0.0,3.3,1.6,77.5,,,0.13351659083630574,3,False
2024-08-09,1169305,8902551,9720,1169305,7733246,8902551,9720,108,29.3,33.6,25.6,,3.3,1.6,74.1,,,0.13134493697368316,4,False
2024-08-10,927639,6152679,9720,927639,5225040,6152679,9720,108,30.0,33.6,26.4,,3.7,1.7,70.8,,,0.1507699329023991,5,True
2024-08-11,694546,4550558,9720,694546,3856012,4550558,9720,108,30.8,34.4,27.8,,3.4,1.8,67.8,,,0.15262875453955316,6,True
2024-08-12,1174612,8565056,9720,1174612,7390444,8565056,9720,108,31.1,34.1,28.2,,3.9,1.9,70.5,,,0.13714002570444372,0,False
2024-08-13,1180918,8823631,9720,1180918,7642713,8823631,9720,108,31.3,36.4,28.1,0.0,4.5,1.8,70.0,,,0.13383583243678254,1,False
2024-08-14,1186589,9039187,9720,1186589,7852598,9039187,9720,108,30.0,34.9,27.3,3.0,6.1,1.9,73.0,,,0.13127165086860135,2,False
2024-08-15,828194,5065827,9720,828194,4237633,5065827,9720,108,29.2,34.6,26.7,6.4,8.2,1.8,74.6,,,0.16348643567970245,3,False
2024-08-16,1161010,8175706,9720,1161010,7014696,8175706,9720,108,29.8,34.3,26.8,0.0,4.8,2.0,69.4,,,0.1420073079927287,4,False
2024-08-17,895673,5833194,9720,895673,4937521,5833194,9720,108,29.8,34.0,27.2,11.0,6.4,1.7,71.0,,,0.15354761045149534,5,True
2024-08-18,725290,4444526,9720,725290,3719236,4444526,9720,108,29.5,33.9,27.0,0.0,5.0,2.0,73.8,,,0.16318725551386132,6,True
2024-08-19,1196271,8470033,9720,1196271,7273762,8470033,9720,108,29.7,35.3,26.3,2.3,6.4,1.9,72.3,,,0.14123569530366648,0,False
2024-08-20,1212859,8742943,9720,1212859,7530084,8742943,9720,108,31.4,35.4,27.0,0.0,4.2,2.3,68.3,,,0.13872434030508948,1,False
2024-08-21,1133566,8547565,9720,1133566,7413999,8547565,9720,108,28.4,30.8,26.9,42.2,5.3,3.2,85.9,,,0.13261858786683692,2,False
2024-08-22,1195794,8818154,9720,1195794,7622360,8818154,9720,108,28.6,30.3,27.1,0.6,7.5,3.4,79.9,,,0.13560593294242762,3,False
2024-08-23,1265258,9318844,9720,1265258,8053586,9318844,9720,108,28.4,31.8,26.4,0.0,5.0,2.7,73.5,,,0.1357741367920742,4,False
2024-08-24,986975,6499742,9720,986975,5512767,6499742,9720,108,27.6,30.9,25.1,2.0,3.6,1.4,78.8,,,0.15184833490313923,5,True
2024-08-25,740061,4773225,9720,740061,4033164,4773225,9720,108,28.5,32.7,24.9,,4.6,1.4,76.6,,,0.1550442311016137,6,True
2024-08-26,1250467,8713268,9720,1250467,7462801,8713268,9720,108,28.1,30.6,25.6,0.0,3.7,1.5,77.8,,,0.14351297354792714,0,False
2024-08-27,1276296,9004740,9720,1276296,7728444,9004740,9720,108,26.5,30.3,24.6,0.3,4.5,1.9,69.8,,,0.14173601902997754,1,False
2024-08-28,1286612,9148436,9720,1286612,7861824,9148436,9720,108,28.2,33.2,23.0,,4.2,2.9,62.1,,,0.14063737233336934,2,False
2024-08-29,1269284,9136670,9720,1269284,7867386,9136670,9720,108,28.4,33.5,23.4,,5.3,3.1,61.0,,,0.13892194858739562,3,False
2024-08-30,1285514,9412770,9720,1285514,8127256,9412770,9720,108,28.0,32.9,23.7,,4.5,2.4,64.0,,,0.13657127498069113,4,False
2024-08-31,1011745,6661940,9720,1011745,5650195,6661940,9720,108,27.6,33.0,22.6,,4.3,1.9,65.6,,,0.15186942542262463,5,True
2024-09-01,774931,4878506,9720,774931,4103575,4878506,9720,108,27.1,31.6,24.6,,4.3,2.0,64.9,,,0.15884596636757237,6,True
2024-09-02,1277477,8992226,9720,1277477,7714749,8992226,9720,108,24.5,26.9,22.2,2.7,4.5,2.6,73.6,,,0.14206460113435762,0,False
2024-09-03,1331649,9333142,9720,1331649,8001493,9333142,9720,108,27.0,32.0,23.2,,4.4,2.9,54.5,,,0.1426796035033004,1,False
2024-09-04,1326193,9453613,9720,1326193,8127420,9453613,9720,108,27.9,33.3,23.2,,3.4,2.2,61.4,,,0.14028424899559566,2,False
2024-09-05,1278949,9409571,9720,1278949,8130622,9409571,9720,108,26.3,28.8,25.6,6.9,5.5,2.4,79.1,,,0.13592001165621684,3,False
2024-09-06,1309497,9707202,9720,1309497,8397705,9707202,9720,108,24.0,25.7,23.3,0.7,4.8,2.6,79.3,,,0.1348995312964539,4,False
2024-09-07,1083632,7141052,9720,1083632,6057420,7141052,9720,108,26.5,31.3,22.8,0.0,3.2,1.9,68.9,,,0.15174682945874082,5,True
2024-09-08,791563,5057568,9720,791563,4266005,5057568,9720,108,27.2,32.8,22.6,,3.8,1.6,69.6,,,0.15651059956089566,6,True
2024-09-09,1313783,9172262,9720,1313783,7858479,9172262,9720,108,28.5,34.1,24.1,,3.6,1.9,69.0,,,0.1432343515699835,0,False
2024-09-10,1331563,9463062,9720,1331563,8131499,9463062,9720,108,29.4,33.9,25.6,,3.5,1.8,67.3,,,0.14071164280652498,1,False
2024-09-11,1291363,9384450,9720,1291363,8093087,9384450,9720,108,29.0,34.6,25.4,0.4,4.2,1.8,71.5,,,0.1376066791340995,2,False
2024-09-12,1232560,9219316,9720,1232560,7986756,9219316,9720,108,25.4,27.1,24.8,32.7,3.3,2.1,91.5,,,0.1336932154185842,3,False
2024-09-13,1261755,9358875,9720,1261755,8097120,9358875,9720,108,25.9,28.0,24.2,7.6,4.3,2.2,91.4,,,0.1348190888327924,4,False
2024-09-14,911739,5654618,9720,911739,4742879,5654618,9720,108,28.0,32.2,25.2,0.0,3.5,1.7,80.3,,,0.16123794746170297,5,True
2024-09-15,686861,4342222,9720,686861,3655361,4342222,9720,108,27.5,32.4,24.2,,5.4,2.8,73.6,,,0.1581819170000981,6,True
2024-09-16,491706,3499811,9720,491706,3008105,3499811,9720,108,26.8,32.2,21.3,9.5,4.9,2.8,74.0,,,0.1404950153022549,0,False
2024-09-17,373168,3099544,9720,373168,2726376,3099544,9720,108,28.6,33.2,25.8,,4.5,1.7,77.0,,,0.12039448383375102,1,False
2024-09-18,590086,3907980,9720,590086,3317894,3907980,9720,108,29.4,33.6,26.5,0.7,3.6,1.6,76.8,,,0.15099514327094815,2,False
2024-09-19,1186653,8489284,9720,1186653,7302631,8489284,9720,108,29.1,32.6,25.6,,2.7,1.7,77.4,,,0.13978245986351734,3,False
2024-09-20,1169660,8888201,9720,1169660,7718541,8888201,9720,108,25.0,28.6,17.9,54.5,7.1,2.4,89.8,,,0.13159693395772665,4,False
2024-09-21,969638,6440752,9720,969638,5471114,6440752,9720,108,19.3,21.9,17.1,27.0,7.0,4.3,82.3,,,0.15054732739282617,5,True
2024-09-22,818089,5142053,9720,818089,4323964,5142053,9720,108,21.0,26.7,16.9,,5.1,2.7,67.4,,,0.15909773781017036,6,True
2024-09-23,1347004,9336414,9720,1347004,7989410,9336414,9720,108,20.8,26.1,16.6,,4.8,3.1,58.3,,,0.1442742363395625,0,False
2024-09-24,1374803,9571378,9720,1374803,8196575,9571378,9720,108,21.0,26.9,15.6,,3.4,2.2,57.9,,,0.14363689324567477,1,False
2024-09-25,1385995,9625228,9720,1385995,8239233,9625228,9720,108,23.3,27.3,18.6,0.0,3.2,1.7,65.6,,,0.14399606949570443,2,False
2024-09-26,1366697,9616019,9720,1366697,8249322,9616019,9720,108,23.6,28.0,21.1,1.2,4.1,1.6,75.1,,,0.14212711102172323,3,False
2024-09-27,1395883,10021562,9720,1395883,8625679,10021562,9720,108,22.7,28.0,19.1,,5.2,2.4,72.8,,,0.13928796728494022,4,False
2024-09-28,1171592,7452323,9720,1171592,6280731,7452323,9720,108,23.2,27.9,19.2,,5.0,3.4,59.3,,,0.15721165064906606,5,True
2024-09-29,848905,5267294,9720,848905,4418389,5267294,9720,108,23.5,29.0,19.1,,4.1,2.7,61.5,,,0.1611652966399825,6,True
2024-09-30,1347492,9400059,9720,1347492,8052567,9400059,9720,108,23.0,28.5,18.3,,4.6,2.1,63.0,,,0.14334931302026935,0,False
2024-10-01,1020223,5958550,9720,1020223,4938327,5958550,9720,108,18.3,21.7,13.3,2.5,5.3,2.5,67.5,,,0.1712200115799985,1,False
2024-10-02,1348259,9626841,9720,1348259,8278582,9626841,9720,108,14.9,19.9,11.6,,4.7,2.5,48.8,,,0.140052069001659,2,False
2024-10-03,1014985,5970778,9720,1014985,4955793,5970778,9720,108,16.4,22.5,10.8,,4.2,1.9,59.0,,,0.169992084783591,3,False
2024-10-04,1345592,9333016,9720,1345592,7987424,9333016,9720,108,17.6,24.2,11.9,,3.8,1.8,60.0,,,0.14417547339466685,4,False
2024-10-05,1120090,7518596,9720,1120090,6398506,7518596,9720,108,17.5,24.4,11.6,,2.8,1.6,60.4,,,0.14897595242516024,5,True
2024-10-06,810191,5006171,9720,810191,4195980,5006171,9720,108,15.4,17.9,12.3,0.0,3.0,1.4,73.5,,,0.16183845897393437,6,True
2024-10-07,1348165,9206995,9720,1348165,7858830,9206995,9720,108,16.9,20.7,14.0,,3.3,1.3,73.9,,,0.14642834062579593,0,False
2024-10-08,1388556,9732757,9720,1388556,8344201,9732757,9720,108,17.7,23.9,12.7,,3.9,1.8,73.9,,,0.14266831073661862,1,False
2024-10-09,1056641,5798534,9720,1056641,4741893,5798534,9720,108,18.8,24.4,13.9,,3.8,2.3,64.1,,,0.18222554183522938,2,False
2024-10-10,1372558,9496832,9720,1372558,8124274,9496832,9720,108,18.8,24.1,15.3,0.0,3.0,1.9,66.3,,,0.14452798575356499,3,False
2024-10-11,1378962,9954703,9720,1378962,8575741,9954703,9720,108,18.6,24.4,13.9,,3.4,1.8,68.8,,,0.1385236706710386,4,False
2024-10-12,1143912,7301202,9720,1143912,6157290,7301202,9720,108,18.3,24.7,13.4,,3.1,1.5,60.6,,,0.1566744763396493,5,True
2024-10-13,864789,5342526,9720,864789,4477737,5342526,9720,108,18.3,22.6,12.6,,3.3,2.0,67.0,,,0.16186893615491998,6,True
2024-10-14,1314916,9192271,9720,1314916,7877355,9192271,9720,108,19.3,21.5,17.6,0.0,2.9,1.9,70.3,,,0.1430458262163942,0,False
2024-10-15,1329922,9369214,9720,1329922,8039292,9369214,9720,108,19.2,21.9,17.6,0.5,3.7,1.8,85.0,,,0.14194595192296813,1,False
2024-10-16,1361588,9510036,9720,1361588,8148448,9510036,9720,108,18.2,24.2,14.4,,2.8,1.5,76.9,,,0.14317380081421352,2,False
2024-10-17,1367481,9579987,9720,1367481,8212506,9579987,9720,108,19.0,25.7,13.8,,2.7,1.7,70.4,,,0.14274351311750214,3,False
2024-10-18,1227408,9390545,9720,1227408,8163137,9390545,9720,108,17.4,18.8,16.2,47.1,5.1,2.5,86.1,,,0.13070679071342506,4,False
2024-10-19,1136782,7180258,9720,1136782,6043476,7180258,9720,108,16.6,21.1,12.4,1.0,6.9,3.3,75.0,,,0.15832049489029504,5,True
2024-10-20,889583,5413487,9720,889583,4523904,5413487,9720,108,13.4,17.8,10.5,,5.9,3.7,56.0,,,0.16432717026936614,6,True
2024-10-21,1344869,9169507,9720,1344869,7824638,9169507,9720,108,14.8,19.3,9.7,0.0,4.8,2.3,66.4,,,0.14666753621541484,0,False
2024-10-22,1216431,9130758,9720,1216431,7914327,9130758,9720,108,15.5,16.6,14.9,20.6,4.0,2.0,90.8,,,0.13322344103304457,1,False
2024-10-23,1352940,9513070,9720,1352940,8160130,9513070,9720,108,12.7,15.5,9.4,2.3,8.0,3.7,75.3,,,0.14221907333804965,2,False
2024-10-24,1365511,9595083,9720,1365511,8229572,9595083,9720,108,12.5,18.4,7.1,,5.2,1.8,71.4,,,0.14231362042412765,3,False
2024-10-25,1405908,9974537,9720,1405908,8568629,9974537,9720,108,14.9,21.5,8.7,,3.2,1.7,64.1,,,0.14094970022167444,4,False
2024-10-26,1167369,7512472,9720,1167369,6345103,7512472,9720,108,17.0,24.0,10.7,,3.4,1.8,68.3,,,0.15539079546652554,5,True
2024-10-27,947303,5739218,9720,947303,4791915,5739218,9720,108,16.0,18.8,14.0,0.0,2.9,1.6,79.4,,,0.16505785282942728,6,True
2024-10-28,1346236,9238236,9720,1346236,7892000,9238236,9720,108,15.7,20.4,12.3,0.0,4.5,2.1,75.9,,,0.14572435690103608,0,False
2024-10-29,1368992,9482126,9720,1368992,8113134,9482126,9720,108,15.0,18.3,13.4,0.0,4.6,2.3,64.6,,,0.14437606081167872,1,False
2024-10-30,1382072,9623059,9720,1382072,8240987,9623059,9720,108,15.7,21.4,11.4,,3.8,1.6,71.3,,,0.14362085902206356,2,False
2024-10-31,1357391,9675273,9720,1357391,8317882,9675273,9720,108,15.9,22.6,11.0,,2.5,1.4,67.8,,,0.1402948526620386,3,False
2024-11-01,1347445,9838624,9720,1347445,8491179,9838624,9720,108,15.3,18.7,12.9,,3.4,1.4,70.8,,,0.1369546188572711,4,False
2024-11-02,1156987,7600400,9720,1156987,6443413,7600400,9720,108,18.1,25.1,13.0,,4.6,1.9,58.9,,,0.15222711962528288,5,True
2024-11-03,900109,5647049,9720,900109,4746940,5647049,9720,108,17.6,23.5,13.0,0.0,4.3,2.4,71.1,,,0.15939457936348703,6,True
2024-11-04,1324387,9245750,9720,1324387,7921363,9245750,9720,108,14.8,18.3,8.9,0.1,5.5,2.9,62.0,,,0.14324278722656356,0,False
2024-11-05,1345601,9498341,9720,1345601,8152740,9498341,9720,108,9.1,14.7,5.6,,5.1,2.1,49.8,,,0.1416669500494876,1,False
2024-11-06,1335380,9537197,9720,1335380,8201817,9537197,9720,108,7.5,12.5,4.1,,4.9,2.5,46.1,,,0.1400180786870608,2,False
2024-11-07,1321559,9519355,9720,1321559,8197796,9519355,9720,108,7.8,15.7,1.6,,2.7,1.5,48.1,,,0.13882862862032144,3,False
2024-11-08,1359812,9850874,9720,1359812,8491062,9850874,9720,108,10.2,18.1,3.1,,2.7,1.5,50.8,,,0.13803973129693872,4,False
2024-11-09,1174862,7620001,9720,1174862,6445139,7620001,9720,108,12.9,20.3,6.8,,2.4,1.4,55.8,,,0.15418134459562408,5,True
2024-11-10,863165,5373302,9720,863165,4510137,5373302,9720,108,14.4,21.0,10.3,,3.1,1.8,64.0,,,0.1606395843747476,6,True
2024-11-11,1334677,9206074,9720,1334677,7871397,9206074,9720,108,14.6,21.8,9.7,,3.1,1.2,64.5,,,0.14497787004536353,0,False
2024-11-12,1366004,9446558,9720,1366004,8080554,9446558,9720,108,14.3,19.2,11.0,,4.2,2.2,66.8,,,0.14460335711695202,1,False
2024-11-13,1366299,9563496,9720,1366299,8197197,9563496,9720,108,14.2,21.3,8.3,,3.6,1.7,62.9,,,0.14286606069579577,2,False
2024-11-14,1296718,9362923,9720,1296718,8066205,9362923,9720,108,14.8,16.8,13.2,0.1,3.1,1.8,68.4,,,0.13849499776939317,3,False
2024-11-15,1343484,9781058,9720,1343484,8437574,9781058,9720,108,17.0,21.5,13.7,0.0,3.0,1.8,65.1,,,0.13735569301398684,4,False
2024-11-16,1110917,7382484,9720,1110917,6271567,7382484,9720,108,17.0,22.6,14.4,6.5,5.1,2.6,72.5,,,0.15048010940491033,5,True
2024-11-17,820987,5403194,9720,820987,4582207,5403194,9720,108,7.0,14.4,2.1,,5.2,3.6,47.6,,,0.1519447571195852,6,True
2024-11-18,1257894,9079294,9720,1257894,7821400,9079294,9720,108,2.8,7.9,-0.7,,5.7,2.3,30.9,,,0.1385453538568087,0,False
2024-11-19,1302050,9354963,9720,1302050,8052913,9354963,9720,108,5.7,11.3,0.3,,3.4,2.0,49.5,,,0.13918280596085736,1,False
2024-11-20,1321472,9502973,9720,1321472,8181501,9502973,9720,108,6.5,9.6,2.4,,2.8,1.3,65.8,,,0.13905879770467622,2,False
2024-11-21,1311855,9507239,9720,1311855,8195384,9507239,9720,108,9.7,14.1,6.0,0.0,4.3,2.2,71.9,,,0.13798485554007847,3,False
2024-11-22,1328451,9835531,9720,1328451,8507080,9835531,9720,108,6.2,10.6,3.3,,4.2,2.2,48.0,,,0.13506652564055768,4,False
2024-11-23,1094389,7377525,9720,1094389,6283136,7377525,9720,108,6.4,12.6,1.5,,3.4,1.7,47.1,,,0.14834094089820096,5,True
2024-11-24,832458,5379783,9720,832458,4547325,5379783,9720,108,7.4,14.2,2.6,,3.4,1.6,58.4,,,0.1547382115598343,6,True
2024-11-25,1352988,9257144,9720,1352988,7904156,9257144,9720,108,10.1,15.4,3.6,0.0,4.4,2.5,57.6,,,0.146156093067149,0,False
2024-11-26,1257580,9357316,9720,1257580,8099736,9357316,9720,108,5.8,12.7,1.0,26.0,8.1,3.4,86.4,0.9,0.9,0.1343953757680087,1,False
2024-11-27,1200577,9846459,9720,1200577,8645882,9846459,9720,108,-0.4,1.2,-1.3,22.4,5.6,1.4,90.6,19.3,20.1,0.12192982269057333,2,False
2024-11-28,1220026,9574011,9720,1220026,8353985,9574011,9720,108,0.8,3.4,-1.7,4.9,4.9,1.8,82.0,8.5,28.6,0.1274310213347363,3,False
2024-11-29,1292659,9904761,9720,1292659,8612102,9904761,9720,108,0.2,3.4,-3.4,0.0,3.1,1.5,76.3,,12.3,0.13050885326763564,4,False
2024-11-30,1059104,7189157,9720,1059104,6130053,7189157,9720,108,2.5,5.6,-0.5,0.0,3.2,1.8,81.6,,7.9,0.14731963705897647,5,True
2024-12-01,836244,5219907,9720,836244,4383663,5219907,9720,108,5.2,8.2,1.6,0.5,4.0,2.4,89.3,,5.3,0.16020285418878152,6,True
2024-12-02,1341391,9232131,9720,1341391,7890740,9232131,9720,108,6.4,13.0,0.6,0.0,5.3,2.2,79.9,,,0.1452959235522113,0,False
2024-12-03,1326299,9414403,9720,1326299,8088104,9414403,9720,108,1.3,5.2,-2.4,0.0,4.5,2.4,48.6,,,0.140879777506869,1,False
2024-12-04,1306910,9324279,9720,1306910,8017369,9324279,9720,108,3.1,6.9,-0.6,0.0,4.2,2.1,52.1,,,0.14016204362825266,2,False
2024-12-05,1330345,9447026,9720,1330345,8116681,9447026,9720,108,3.9,8.8,-0.1,1.8,5.7,2.3,62.8,,,0.14082156649087235,3,False
2024-12-06,1332268,9832234,9720,1332268,8499966,9832234,9720,108,2.1,5.2,-0.4,,6.7,2.5,49.3,,,0.1355000297999417,4,False
2024-12-07,1153627,7615708,9720,1153627,6462081,7615708,9720,108,0.2,4.6,-2.5,,5.0,2.5,56.9,,,0.1514799411952244,5,True
2024-12-08,810201,5021551,9720,810201,4211350,5021551,9720,108,-0.2,4.1,-3.9,,4.8,2.2,46.5,,,0.16134477176473963,6,True
2024-12-09,1312244,9068793,9720,1312244,7756549,9068793,9720,108,1.0,7.4,-3.8,,3.5,1.6,56.1,,,0.1446988590433148,0,False
2024-12-10,1369790,9444146,9720,1369790,8074356,9444146,9720,108,2.6,6.9,-1.9,,4.7,1.9,58.9,,,0.14504117153631466,1,False
2024-12-11,1369374,9542527,9720,1369374,8173153,9542527,9720,108,3.0,8.2,0.2,,3.3,1.6,50.3,,,0.14350224002510026,2,False
2024-12-12,1373215,9654796,9720,1373215,8281581,9654796,9720,108,0.5,5.4,-3.2,,4.9,2.1,45.8,,,0.1422313842778242,3,False
2024-12-13,1377596,10000507,9720,1377596,8622911,10000507,9720,108,1.0,4.5,-1.5,,5.0,2.2,42.1,,,0.13775261594237173,4,False
2024-12-14,1229258,7977251,9720,1229258,6747993,7977251,9720,108,-0.8,2.5,-3.6,,4.5,2.2,51.0,,,0.15409543964455927,5,True
2024-12-15,841545,5169573,9720,841545,4328028,5169573,9720,108,1.2,5.4,-2.2,0.0,5.6,2.4,54.1,,,0.16278810648384306,6,True
2024-12-16,1325943,9171367,9720,1325943,7845424,9171367,9720,108,-0.2,3.9,-3.3,0.0,3.8,1.2,65.9,,,0.1445741948828348,0,False
2024-12-17,1371894,9556252,9720,1371894,8184358,9556252,9720,108,-0.8,3.8,-3.5,,4.7,2.2,51.8,,,0.14355983915032797,1,False
2024-12-18,1326446,9519075,9720,1326446,8192629,9519075,9720,108,-3.4,0.9,-6.2,,3.9,2.2,47.1,,,0.1393461024311711,2,False
2024-12-19,1353674,9627524,9720,1353674,8273850,9627524,9720,108,-1.4,4.9,-6.7,,3.0,1.5,47.4,,,0.14060458327603234,3,False
2024-12-20,1398366,10126391,9720,1398366,8728025,10126391,9720,108,1.4,5.3,-2.1,0.4,3.0,2.0,60.9,0.5,0.5,0.1380912508711149,4,False
2024-12-21,1196502,7876719,9720,1196502,6680217,7876719,9720,108,-0.7,1.9,-4.7,2.9,5.4,2.8,74.1,2.4,2.7,0.15190360351816537,5,True
2024-12-22,770400,5299184,9720,770400,4528784,5299184,9720,108,-3.4,1.0,-7.7,,4.9,2.1,52.9,,1.4,0.14538087373452216,6,True
2024-12-23,1314342,9347408,9720,1314342,8033066,9347408,9720,108,0.3,6.7,-5.0,,4.5,2.2,58.5,,0.7,0.14061031678514516,0,False
2024-12-24,1298778,9761957,9720,1298778,8463179,9761957,9720,108,-0.4,5.1,-4.3,,3.4,1.4,50.3,,,0.13304483926737232,1,False
2024-12-25,844927,6038326,9720,844927,5193399,6038326,9720,108,2.7,6.5,-1.1,0.1,3.8,2.0,63.1,,,0.139927357350365,2,False
2024-12-26,1340850,9254358,9720,1340850,7913508,9254358,9720,108,0.1,4.2,-4.8,0.0,5.6,3.4,57.9,,,0.14488849469622853,3,False
2024-12-27,1315325,9494902,9720,1315325,8179577,9494902,9720,108,-2.6,1.8,-5.9,0.0,5.8,2.7,51.4,,,0.13852960251722451,4,False
2024-12-28,1127813,7078394,9720,1127813,5950581,7078394,9720,108,-3.0,1.1,-6.7,,5.8,2.5,48.3,,,0.15933176367407634,5,True
2024-12-29,773931,4950807,9720,773931,4176876,4950807,9720,108,1.1,6.1,-4.2,,2.8,1.5,56.1,,,0.15632421138614372,6,True
2024-12-30,1303455,8842906,9720,1303455,7539451,8842906,9720,108,5.5,10.1,1.9,0.0,6.9,2.3,68.5,,,0.14740120498849588,0,False
2024-12-31,1238453,8778383,9720,1238453,7539930,8778383,9720,108,0.6,4.9,-2.0,0.0,5.0,2.6,45.8,,,0.14107985491177588,1,False
