canonical_station_id,total_all_current,senior_all_current,current_rows,total_ridership,senior_ridership,non_senior_ridership,valid_rows,senior_share
"station:[""1"",""동대문""]",9045365,2565504,14640,9045365,2565504,6479861,14640,0.2836263655474378
"station:[""1"",""동묘앞""]",7982712,3212699,14640,7982712,3212699,4770013,14640,0.40245708476016673
"station:[""1"",""서울역""]",39978774,4153473,14640,39978774,4153473,35825301,14640,0.10389195526606193
"station:[""1"",""시청""]",18981688,2123370,14640,18981688,2123370,16858318,14640,0.11186412925973707
"station:[""1"",""신설동""]",10253136,2454778,14640,10253136,2454778,7798358,14640,0.23941728657456607
"station:[""1"",""제기동""]",12767794,5890802,14640,12767794,5890802,6876992,14640,0.4613797810334346
"station:[""1"",""종각""]",27169868,2938258,14640,27169868,2938258,24231610,14640,0.1081439924551713
"station:[""1"",""종로3가""]",18385497,5740485,14640,18385497,5740485,12645012,14640,0.31222898135416194
"station:[""1"",""종로5가""]",17400120,5086466,14640,17400120,5086466,12313654,14640,0.292323616158969
"station:[""1"",""청량리(서울시립대입구)""]",16914224,5949931,14640,16914224,5949931,10964293,14640,0.35177085274500325
"station:[""2"",""강남""]",56462439,3013408,14640,56462439,3013408,53449031,14640,0.05337013514417965
"station:[""2"",""강변(동서울터미널)""]",21722453,2468867,14640,21722453,2468867,19253586,14640,0.1136550738537678
"station:[""2"",""건대입구""]",28024911,1920495,14640,28024911,1920495,26104416,14640,0.06852813912593692
"station:[""2"",""교대(법원.검찰청)""]",23660896,3512700,14640,23660896,3512700,20148196,14640,0.1484601428449709
"station:[""2"",""구로디지털단지""]",40224826,3975486,14640,40224826,3975486,36249340,14640,0.09883165187588382
"station:[""2"",""구의(광진구청)""]",17838302,2212033,14640,17838302,2212033,15626269,14640,0.12400468385387801
"station:[""2"",""낙성대(강감찬)""]",19930239,2299486,14640,19930239,2299486,17630753,14640,0.1153767398373898
"station:[""2"",""당산""]",14087819,1268106,14640,14087819,1268106,12819713,14640,0.09001435921344532
"station:[""2"",""대림(구로구청)""]",18147704,2685659,14640,18147704,2685659,15462045,14640,0.14798891363888236
"station:[""2"",""도림천""]",997677,186967,14640,997677,186967,810710,14640,0.18740233562565842
"station:[""2"",""동대문역사문화공원(DDP)""]",12278046,1245794,14640,12278046,1245794,11032252,14640,0.10146516799171464
"station:[""2"",""뚝섬""]",18447895,1267713,14640,18447895,1267713,17180182,14640,0.06871857195631263
"station:[""2"",""문래""]",16414310,1834157,14640,16414310,1834157,14580153,14640,0.11174134033047993
"station:[""2"",""방배""]",12155826,1644234,14640,12155826,1644234,10511592,14640,0.13526304177108162
"station:[""2"",""봉천""]",17004386,3047598,14640,17004386,3047598,13956788,14640,0.17922423073670524
"station:[""2"",""사당""]",31723497,4476161,14640,31723497,4476161,27247336,14640,0.14109923001237853
"station:[""2"",""삼성(무역센터)""]",38830203,2395987,14640,38830203,2395987,36434216,14640,0.06170420999344248
"station:[""2"",""상왕십리""]",10386808,1430146,14640,10386808,1430146,8956662,14640,0.13768869127069644
"station:[""2"",""서울대입구(관악구청)""]",33241760,3581025,14640,33241760,3581025,29660735,14640,0.10772669678139786
"station:[""2"",""서초""]",15507802,1925693,14640,15507802,1925693,13582109,14640,0.1241757535980921
"station:[""2"",""선릉""]",36514563,4559051,14640,36514563,4559051,31955512,14640,0.12485569113890257
"station:[""2"",""성수""]",33208930,1850157,14640,33208930,1850157,31358773,14640,0.05571263512555207
"station:[""2"",""시청""]",18073440,1181266,14640,18073440,1181266,16892174,14640,0.06535922325799626
"station:[""2"",""신답""]",1260489,207275,14640,1260489,207275,1053214,14640,0.16444014981487343
"station:[""2"",""신당""]",11225505,1905824,14640,11225505,1905824,9319681,14640,0.1697762372383247
"station:[""2"",""신대방""]",18333614,2636102,14640,18333614,2636102,15697512,14640,0.14378518059778067
"station:[""2"",""신도림""]",37048193,4555091,14640,37048193,4555091,32493102,14640,0.12295042298014373
"station:[""2"",""신림""]",39507874,3951264,14640,39507874,3951264,35556610,14640,0.10001206341804168
"station:[""2"",""신설동""]",2840460,692280,14640,2840460,692280,2148180,14640,0.24372108742950085
"station:[""2"",""신정네거리""]",7571070,1546011,14640,7571070,1546011,6025059,14640,0.20419980266990004
"station:[""2"",""신촌""]",28544282,2498380,14640,28544282,2498380,26045902,14640,0.08752646151688104
"station:[""2"",""아현""]",7741495,1344651,14640,7741495,1344651,6396844,14640,0.17369396996316602
"station:[""2"",""양천구청""]",5129212,1098630,14640,5129212,1098630,4030582,14640,0.21419079577915673
"station:[""2"",""역삼""]",36394175,2915407,14640,36394175,2915407,33478768,14640,0.08010641812872527
"station:[""2"",""영등포구청""]",16084984,2041741,14640,16084984,2041741,14043243,14640,0.12693459937541748
"station:[""2"",""왕십리(성동구청)""]",11118845,995715,14640,11118845,995715,10123130,14640,0.08955201731834557
"station:[""2"",""용답""]",2292967,369292,14640,2292967,369292,1923675,14640,0.1610542149102015
"station:[""2"",""용두(동대문구청)""]",1873645,507844,14640,1873645,507844,1365801,14640,0.27104600924935085
"station:[""2"",""을지로3가""]",17662966,1498232,14640,17662966,1498232,16164734,14640,0.0848233529974524
"station:[""2"",""을지로4가""]",10051915,1585964,14640,10051915,1585964,8465951,14640,0.15777729915145522
"station:[""2"",""을지로입구""]",35449760,1999961,14640,35449760,1999961,33449799,14640,0.056416771227788286
"station:[""2"",""이대""]",12765674,1041061,14640,12765674,1041061,11724613,14640,0.08155158905044889
"station:[""2"",""잠실(송파구청)""]",58859834,4453925,14640,58859834,4453925,54405909,14640,0.07567002312646685
"station:[""2"",""잠실나루""]",10536412,1881383,14640,10536412,1881383,8655029,14640,0.17856012084569206
"station:[""2"",""잠실새내""]",17376020,2491912,14640,17376020,2491912,14884108,14640,0.14341097673690523
"station:[""2"",""종합운동장""]",10073983,1146391,14640,10073983,1146391,8927592,14640,0.11379719421801684
"station:[""2"",""충정로(경기대입구)""]",7419964,940914,14640,7419964,940914,6479050,14640,0.12680843195465638
"station:[""2"",""한양대""]",8420966,260378,14640,8420966,260378,8160588,14640,0.030920205591615024
"station:[""2"",""합정""]",25146252,1401199,14640,25146252,1401199,23745053,14640,0.05572198194784654
"station:[""2"",""홍대입구""]",56244605,1872443,14640,56244605,1872443,54372162,14640,0.0332910685389292
"station:[""3"",""가락시장""]",6551420,1746898,14640,6551420,1746898,4804522,14640,0.2666441779034164
"station:[""3"",""경복궁(정부서울청사)""]",19157932,1961192,14640,19157932,1961192,17196740,14640,0.10236971297319565
"station:[""3"",""경찰병원""]",5342314,980111,14640,5342314,980111,4362203,14640,0.18346188561735607
"station:[""3"",""고속터미널""]",36954059,4644277,14640,36954059,4644277,32309782,14640,0.12567704673524496
"station:[""3"",""교대(법원.검찰청)""]",9351880,1462753,14640,9351880,1462753,7889127,14640,0.15641272129240325
"station:[""3"",""구파발""]",15881321,2753992,14640,15881321,2753992,13127329,14640,0.1734107635000892
"station:[""3"",""금호""]",5724233,1155653,14640,5724233,1155653,4568580,14640,0.20188783370627994
"station:[""3"",""남부터미널(예술의전당)""]",21917318,2695473,14640,21917318,2695473,19221845,14640,0.12298370630932125
"station:[""3"",""녹번""]",10669404,1656200,14640,10669404,1656200,9013204,14640,0.15522891437984726
"station:[""3"",""대청""]",7538112,1284429,14640,7538112,1284429,6253683,14640,0.17039133936985812
"station:[""3"",""대치""]",8980721,1594305,14640,8980721,1594305,7386416,14640,0.17752527887237562
"station:[""3"",""도곡""]",4206922,639458,14640,4206922,639458,3567464,14640,0.15200139199157958
"station:[""3"",""독립문""]",5928974,1565294,14640,5928974,1565294,4363680,14640,0.26400756690786636
"station:[""3"",""동대입구""]",8573834,922755,14640,8573834,922755,7651079,14640,0.10762454696463683
"station:[""3"",""매봉""]",8703665,1575268,14640,8703665,1575268,7128397,14640,0.1809890431214896
"station:[""3"",""무악재""]",3228053,740750,14640,3228053,740750,2487303,14640,0.2294726883356624
"station:[""3"",""불광""]",12724535,3195838,14640,12724535,3195838,9528697,14640,0.2511555825026219
"station:[""3"",""수서""]",14061997,2392013,14640,14061997,2392013,11669984,14640,0.1701047866814365
"station:[""3"",""신사""]",20433785,1464232,14640,20433785,1464232,18969553,14640,0.07165740463648805
"station:[""3"",""안국""]",20256459,2295017,14640,20256459,2295017,17961442,14640,0.11329803496257662
"station:[""3"",""압구정""]",23329716,3072763,14640,23329716,3072763,20256953,14640,0.13171026171085837
"station:[""3"",""약수""]",9341892,1676953,14640,9341892,1676953,7664939,14640,0.17950892602911703
"station:[""3"",""양재(서초구청)""]",27076338,3238459,14640,27076338,3238459,23837879,14640,0.1196047633915635
"station:[""3"",""연신내""]",24699316,5303411,14640,24699316,5303411,19395905,14640,0.21471894201442662
"station:[""3"",""오금""]",4528953,692163,14640,4528953,692163,3836790,14640,0.15283068735754157
"station:[""3"",""옥수""]",6769123,1337095,14640,6769123,1337095,5432028,14640,0.19752854247145457
"station:[""3"",""을지로3가""]",8400521,982957,14640,8400521,982957,7417564,14640,0.11701143298135913
"station:[""3"",""일원""]",7657128,1474564,14640,7657128,1474564,6182564,14640,0.1925740303675216
"station:[""3"",""잠원""]",3662268,700479,14640,3662268,700479,2961789,14640,0.19126918073718252
"station:[""3"",""종로3가""]",8790377,1435791,14640,8790377,1435791,7354586,14640,0.16333668055420147
"station:[""3"",""학여울""]",1953626,399011,14640,1953626,399011,1554615,14640,0.20424124167061658
"station:[""3"",""홍제""]",13021212,3061633,14640,13021212,3061633,9959579,14640,0.2351265765429516
"station:[""4"",""길음""]",15714169,2618365,14640,15714169,2618365,13095804,14640,0.16662446483807067
"station:[""4"",""남태령""]",1014263,180495,14640,1014263,180495,833768,14640,0.17795680213120266
"station:[""4"",""노원""]",20709733,2952231,14640,20709733,2952231,17757502,14640,0.14255282769700603
"station:[""4"",""당고개""]",6809944,1568501,14640,6809944,1568501,5241443,14640,0.23032509518433633
"station:[""4"",""동대문""]",14667364,3136817,14640,14667364,3136817,11530547,14640,0.21386371811594776
"station:[""4"",""동대문역사문화공원(DDP)""]",13463806,1238378,14640,13463806,1238378,12225428,14640,0.09197830093511448
"station:[""4"",""동작(현충원)""]",1544320,302817,14640,1544320,302817,1241503,14640,0.19608436075424782
"station:[""4"",""명동""]",26617832,1614717,14640,26617832,1614717,25003115,14640,0.06066297961456816
"station:[""4"",""미아(서울사이버대학)""]",11260540,2483965,14640,11260540,2483965,8776575,14640,0.22059022036243378
"station:[""4"",""미아사거리""]",19424453,3883032,14640,19424453,3883032,15541421,14640,0.1999043164819107
"station:[""4"",""사당""]",18555151,2242674,14640,18555151,2242674,16312477,14640,0.12086530581184707
"station:[""4"",""삼각지""]",5142590,511773,14640,5142590,511773,4630817,14640,0.09951658600043947
"station:[""4"",""상계""]",13825249,2580396,14640,13825249,2580396,11244853,14640,0.18664372699544146
"station:[""4"",""서울역""]",12848049,970142,14640,12848049,970142,11877907,14640,0.075508896331264
"station:[""4"",""성신여대입구(돈암)""]",16079637,1884324,14640,16079637,1884324,14195313,14640,0.11718697381041625
"station:[""4"",""수유(강북구청)""]",24934421,3928257,14640,24934421,3928257,21006164,14640,0.1575435419174161
"station:[""4"",""숙대입구(갈월)""]",10845342,1061606,14640,10845342,1061606,9783736,14640,0.09788589423920425
"station:[""4"",""신용산""]",15015875,1134513,14640,15015875,1134513,13881362,14640,0.07555423843099386
"station:[""4"",""쌍문""]",20681816,3706018,14640,20681816,3706018,16975798,14640,0.17919209802466088
"station:[""4"",""이촌(국립중앙박물관)""]",7095007,1167534,14640,7095007,1167534,5927473,14640,0.1645571315151627
"station:[""4"",""창동""]",20151293,4833503,14640,20151293,4833503,15317790,14640,0.2398606878476731
"station:[""4"",""총신대입구(이수)""]",14750037,3526543,14640,14750037,3526543,11223494,14640,0.23908706127313442
"station:[""4"",""충무로""]",22249768,2459368,14640,22249768,2459368,19790400,14640,0.11053454579841013
"station:[""4"",""한성대입구(삼선교)""]",10336943,1585721,14640,10336943,1585721,8751222,14640,0.15340328373678755
"station:[""4"",""혜화""]",26980002,2529612,14640,26980002,2529612,24450390,14640,0.09375877733441236
"station:[""4"",""회현(남대문시장)""]",20142233,4414075,14640,20142233,4414075,15728158,14640,0.2191452655720942
"station:[""5"",""강동""]",13255389,2315775,14640,13255389,2315775,10939614,14640,0.17470441644526616
"station:[""5"",""강일""]",4261262,935276,14640,4261262,935276,3325986,14640,0.2194833361572229
"station:[""5"",""개롱""]",4880563,1142452,14640,4880563,1142452,3738111,14640,0.23408201062049605
"station:[""5"",""개화산""]",4349772,827440,14640,4349772,827440,3522332,14640,0.19022606242350173
"station:[""5"",""거여""]",7238042,1399344,14640,7238042,1399344,5838698,14640,0.19333184305921408
"station:[""5"",""고덕""]",7584475,1663736,14640,7584475,1663736,5920739,14640,0.21936073360384206
"station:[""5"",""공덕""]",10471841,1025123,14640,10471841,1025123,9446718,14640,0.09789329307043527
"station:[""5"",""광나루(장신대)""]",9325825,1571040,14640,9325825,1571040,7754785,14640,0.16846123533306706
"station:[""5"",""광화문(세종문화회관)""]",24522506,1956035,14640,24522506,1956035,22566471,14640,0.07976489026039997
"station:[""5"",""군자(능동)""]",9040901,894592,14640,9040901,894592,8146309,14640,0.09894942992960547
"station:[""5"",""굽은다리(강동구민회관앞)""]",7152774,1710257,14640,7152774,1710257,5442517,14640,0.23910401754619956
"station:[""5"",""길동""]",6277458,1751078,14640,6277458,1751078,4526380,14640,0.2789469877775367
"station:[""5"",""김포공항""]",7067483,943743,14640,7067483,943743,6123740,14640,0.133533112141904
"station:[""5"",""까치산""]",19915380,3304594,14640,19915380,3304594,16610786,14640,0.16593175726498816
"station:[""5"",""답십리""]",11528515,1751047,14640,11528515,1751047,9777468,14640,0.15188833947824157
"station:[""5"",""동대문역사문화공원(DDP)""]",2364805,187540,14640,2364805,187540,2177265,14640,0.07930463611164557
"station:[""5"",""둔촌동""]",6630284,1529506,14640,6630284,1529506,5100778,14640,0.230684839442775
"station:[""5"",""마장""]",4239534,895334,14640,4239534,895334,3344200,14640,0.2111868898798783
"station:[""5"",""마천""]",5246289,1227889,14640,5246289,1227889,4018400,14640,0.23404905829625475
"station:[""5"",""마포""]",10592384,1392950,14640,10592384,1392950,9199434,14640,0.1315048623614854
"station:[""5"",""명일""]",6484133,1597972,14640,6484133,1597972,4886161,14640,0.24644343353228565
"station:[""5"",""목동""]",12334623,1795787,14640,12334623,1795787,10538836,14640,0.14558912745042957
"station:[""5"",""방이""]",5498762,1145591,14640,5498762,1145591,4353171,14640,0.20833616730456783
"station:[""5"",""방화""]",5055631,1159547,14640,5055631,1159547,3896084,14640,0.22935752233499637
"station:[""5"",""상일동""]",10411519,1991547,14640,10411519,1991547,8419972,14640,0.1912830394873217
"station:[""5"",""서대문""]",13938652,1405615,14640,13938652,1405615,12533037,14640,0.10084296530252711
"station:[""5"",""송정""]",4600040,1035674,14640,4600040,1035674,3564366,14640,0.22514456396031338
"station:[""5"",""신금호""]",4817447,878804,14640,4817447,878804,3938643,14640,0.18242110395817535
"station:[""5"",""신길""]",3674361,252508,14640,3674361,252508,3421853,14640,0.06872160900902224
"station:[""5"",""신정(은행정)""]",8891501,1287285,14640,8891501,1287285,7604216,14640,0.14477701796355869
"station:[""5"",""아차산(어린이대공원후문)""]",11092057,2214032,14640,11092057,2214032,8878025,14640,0.19960517692976154
"station:[""5"",""애오개""]",4797543,801153,14640,4797543,801153,3996390,14640,0.16699235421131192
"station:[""5"",""양평""]",5383262,615037,14640,5383262,615037,4768225,14640,0.11424987303237331
"station:[""5"",""여의나루""]",11391109,660168,14640,11391109,660168,10730941,14640,0.057954673245598824
"station:[""5"",""여의도""]",20886464,1074473,14640,20886464,1074473,19811991,14640,0.05144350905926441
"station:[""5"",""영등포구청""]",3420035,412754,14640,3420035,412754,3007281,14640,0.120687068991984
"station:[""5"",""영등포시장""]",8550110,1686329,14640,8550110,1686329,6863781,14640,0.19722892454015212
"station:[""5"",""오금""]",2648762,464633,14640,2648762,464633,2184129,14640,0.17541515621260045
"station:[""5"",""오목교(목동운동장앞)""]",15806411,1911950,14640,15806411,1911950,13894461,14640,0.12096041283501992
"station:[""5"",""올림픽공원(한국체대)""]",3926868,869121,14640,3926762,868934,3057828,14639,0.22128511990286145
"station:[""5"",""왕십리(성동구청)""]",3697294,524348,14640,3697294,524348,3172946,14640,0.14181939548220943
"station:[""5"",""우장산""]",10685764,2166274,14640,10685764,2166274,8519490,14640,0.20272523331041187
"station:[""5"",""을지로4가""]",4574856,882541,14640,4574856,882541,3692315,14640,0.19291120857137362
"station:[""5"",""장한평""]",14024866,2078231,14640,14024866,2078231,11946635,14640,0.1481818792421974
"station:[""5"",""종로3가""]",11517059,2014959,14640,11517059,2014959,9502100,14640,0.17495430039908627
"station:[""5"",""천호(풍납토성)""]",14343258,3178102,14640,14343258,3178102,11165156,14640,0.22157462411956894
"station:[""5"",""청구""]",2736853,463228,14640,2736853,463228,2273625,14640,0.16925571084745875
"station:[""5"",""충정로(경기대입구)""]",3308750,308047,14640,3308750,308047,3000703,14640,0.09310071779372875
"station:[""5"",""행당""]",5570561,1053922,14640,5570561,1053922,4516639,14640,0.18919494822873315
"station:[""5"",""화곡""]",19989459,3073251,14640,19989459,3073251,16916208,14640,0.15374358055413107
"station:[""6"",""공덕""]",13414276,1631117,14640,13414276,1631117,11783159,14640,0.1215956045633771
"station:[""6"",""구산""]",5316629,1219052,14640,5316629,1219052,4097577,14640,0.22929040186930477
"station:[""6"",""독바위""]",2124747,508444,14640,2124747,508444,1616303,14640,0.239296255036482
"station:[""6"",""돌곶이""]",7145280,1321926,14640,7145280,1321926,5823354,14640,0.18500688566438264
"station:[""6"",""동묘앞""]",6598781,1390212,14640,6598781,1390212,5208569,14640,0.2106770932388876
"station:[""6"",""디지털미디어시티""]",11069397,1257678,14640,11069397,1257678,9811719,14640,0.11361757103842242
"station:[""6"",""마포구청""]",10196534,1542927,14640,10196534,1542927,8653607,14640,0.1513187716531912
"station:[""6"",""망원""]",12047785,1801582,14640,12047785,1801582,10246203,14640,0.14953636705834308
"station:[""6"",""버티고개""]",1602479,338598,14640,1602479,338598,1263881,14640,0.21129637268257492
"station:[""6"",""보문""]",5669472,652996,14640,5669472,652996,5016476,14640,0.115177568563704
"station:[""6"",""불광""]",3466997,849734,14640,3466997,849734,2617263,14640,0.24509222246226345
"station:[""6"",""삼각지""]",5410591,384613,14640,5410591,384613,5025978,14640,0.07108521046961414
"station:[""6"",""상수""]",8157474,450075,14640,8157474,450075,7707399,14640,0.05517332939093646
"station:[""6"",""석계""]",9266030,1707366,14640,9266030,1707366,7558664,14640,0.18426078914054886
"station:[""6"",""신당""]",6474377,784954,14640,6474377,784954,5689423,14640,0.12124008225038486
"station:[""6"",""약수""]",2705845,435558,14640,2705845,435558,2270287,14640,0.16096930903285295
"station:[""6"",""역촌""]",3028472,712239,14640,3028472,712239,2316233,14640,0.23518097575278887
"station:[""6"",""응암""]",12914156,2603141,14640,12914156,2603141,10311015,14640,0.2015726773007853
"station:[""6"",""이태원""]",9288821,628827,14640,9288821,628827,8659994,14640,0.06769718137533277
"station:[""6"",""창신""]",2394631,397219,14640,2394631,397219,1997412,14640,0.1658790018169814
"station:[""6"",""청구""]",2787007,425830,14640,2787007,425830,2361177,14640,0.15279114835377164
"station:[""6"",""태릉입구""]",4626743,778805,14640,4626743,778805,3847938,14640,0.1683268338007968
"station:[""6"",""한강진""]",8335025,347387,14640,8335025,347387,7987638,14640,0.04167797937018785
"station:[""6"",""합정""]",10215325,824913,14640,10215325,824913,9390412,14640,0.08075249686133334
"station:[""6"",""효창공원앞""]",5225861,785295,14640,5225861,785295,4440566,14640,0.1502709314312034
"station:[""7"",""가산디지털단지""]",28976396,1776491,14640,28976396,1776491,27199905,14640,0.061308211000429456
"station:[""7"",""강남구청""]",11860821,1144330,14640,11860821,1144330,10716491,14640,0.09647983052775183
"station:[""7"",""건대입구""]",10307108,1246038,14640,10307108,1246038,9061070,14640,0.1208911364856175
"station:[""7"",""고속터미널""]",12061122,1629303,14640,12061122,1629303,10431819,14640,0.13508718343119322
"station:[""7"",""공릉(서울과학기술대)""]",8969338,1575552,14640,8969338,1575552,7393786,14640,0.17565978670889645
"station:[""7"",""군자(능동)""]",9936967,1689947,14640,9936967,1689947,8247020,14640,0.17006668131231592
"station:[""7"",""남구로""]",10650894,1232932,14640,10650894,1232932,9417962,14640,0.11575854571456631
"station:[""7"",""남성""]",8150131,1693519,14640,8150131,1693519,6456612,14640,0.2077904023873972
"station:[""7"",""내방""]",10385810,1599655,14640,10385810,1599655,8786155,14640,0.15402313348694036
"station:[""7"",""노원""]",17471841,3126454,14640,17471841,3126454,14345387,14640,0.1789424480225066
"station:[""7"",""논현""]",13037903,938538,14640,13037903,938538,12099365,14640,0.07198534917770136
"station:[""7"",""대림(구로구청)""]",7006522,919188,14640,7006522,919188,6087334,14640,0.1311903395150975
"station:[""7"",""도봉산""]",7343110,1321089,14640,7343110,1321089,6022021,14640,0.17990864906013937
"station:[""7"",""마들""]",9320837,1974751,14640,9320837,1974751,7346086,14640,0.21186412765291357
"station:[""7"",""먹골""]",7440083,1464936,14640,7440083,1464936,5975147,14640,0.19689780342504243
"station:[""7"",""면목""]",10784380,2080799,14640,10784380,2080799,8703581,14640,0.19294563062503362
"station:[""7"",""반포""]",4594572,842084,14640,4594572,842084,3752488,14640,0.18327800717890588
"station:[""7"",""보라매""]",5009205,662410,14640,5009205,662410,4346795,14640,0.13223854883160102
"station:[""7"",""사가정""]",11844697,2218959,14640,11844697,2218959,9625738,14640,0.18733775967422384
"station:[""7"",""상도""]",8660517,1361180,14640,8660517,1361180,7299337,14640,0.15717075551032347
"station:[""7"",""상봉""]",12572620,1552535,14640,12572620,1552535,11020085,14640,0.1234853992246644
"station:[""7"",""수락산""]",9209227,2208503,14640,9209227,2208503,7000724,14640,0.2398141559546746
"station:[""7"",""숭실대입구(살피재)""]",10307763,1425675,14640,10307763,1425675,8882088,14640,0.1383108051669407
"station:[""7"",""신대방삼거리""]",10607140,1990448,14640,10607140,1990448,8616692,14640,0.1876517138455795
"station:[""7"",""신풍""]",8097658,1552894,14640,8097658,1552894,6544764,14640,0.19177075643352684
"station:[""7"",""어린이대공원(세종대)""]",12032382,896912,14640,12032382,896912,11135470,14640,0.07454151638470255
"station:[""7"",""온수(성공회대입구)""]",6882936,842606,14640,6882936,842606,6040330,14640,0.12241956048988396
"station:[""7"",""용마산(용마폭포공원)""]",4265678,756032,14640,4265678,756032,3509646,14640,0.17723606892034513
"station:[""7"",""이수""]",11865600,1719068,14640,11865600,1719068,10146532,14640,0.14487830366774543
"station:[""7"",""자양(뚝섬한강공원)""]",7605346,1126354,14640,7605346,1126354,6478992,14640,0.1481002968175281
"station:[""7"",""장승배기""]",6666463,1466099,14640,6666463,1466099,5200364,14640,0.21992156860392084
"station:[""7"",""중계""]",10313959,1853245,14640,10313959,1853245,8460714,14640,0.1796831847014323
"station:[""7"",""중곡""]",7711608,1333948,14640,7711608,1333948,6377660,14640,0.1729792281972839
"station:[""7"",""중화""]",7669883,1363381,14640,7669883,1363381,6306502,14640,0.1777577311153247
"station:[""7"",""천왕""]",8124497,1214808,14640,8124497,1214808,6909689,14640,0.14952408746042986
"station:[""7"",""청담""]",13702540,1682517,14640,13702540,1682517,12020023,14640,0.12278869465077277
"station:[""7"",""태릉입구""]",6548759,996434,14640,6548759,996434,5552325,14640,0.15215615660921405
"station:[""7"",""하계""]",12825442,2342275,14640,12825442,2342275,10483167,14640,0.1826272342114993
"station:[""7"",""학동""]",16424106,1347304,14640,16424106,1347304,15076802,14640,0.08203210573531369
"station:[""8"",""가락시장""]",6216799,1450258,14640,6216799,1450258,4766541,14640,0.23328050335872208
"station:[""8"",""강동구청""]",7663165,1485868,14640,7663165,1485868,6177297,14640,0.19389743010883884
"station:[""8"",""몽촌토성(평화의문)""]",5308345,778079,14640,5308345,778079,4530266,14640,0.14657656953344217
"station:[""8"",""문정""]",15318986,1341512,14640,15318986,1341512,13977474,14640,0.0875718536461878
"station:[""8"",""복정""]",6512073,827573,14640,6512073,827573,5684500,14640,0.12708288128833936
"station:[""8"",""석촌""]",6659253,1228745,14640,6659253,1228745,5430508,14640,0.18451694206542385
"station:[""8"",""송파""]",6847221,1493258,14640,6847221,1493258,5353963,14640,0.21808234318711198
"station:[""8"",""암사""]",12450158,2321658,14640,12450158,2321658,10128500,14640,0.18647618769175459
"station:[""8"",""잠실(송파구청)""]",14200941,1783250,14640,14200941,1783250,12417691,14640,0.12557266451568244
"station:[""8"",""장지""]",12028365,1789767,14640,12028365,1789767,10238598,14640,0.14879553455519515
"station:[""8"",""천호(풍납토성)""]",12499120,1983320,14640,12499120,1983320,10515800,14640,0.15867677084466747
