variable,percentile,candidate_value,valid_days,missing_days,days_strictly_below,days_strictly_above,status
temperature_max,0.01,-0.64,366,0,4,362,DIAGNOSTIC ONLY; NOT ADOPTED
temperature_max,0.05,2.55,366,0,19,347,DIAGNOSTIC ONLY; NOT ADOPTED
temperature_max,0.1,4.4,366,0,37,329,DIAGNOSTIC ONLY; NOT ADOPTED
temperature_max,0.9,32.75,366,0,329,37,DIAGNOSTIC ONLY; NOT ADOPTED
temperature_max,0.95,33.675000000000004,366,0,347,19,DIAGNOSTIC ONLY; NOT ADOPTED
temperature_max,0.99,35.4,366,0,361,3,DIAGNOSTIC ONLY; NOT ADOPTED
temperature_mean,0.01,-4.91,366,0,4,362,DIAGNOSTIC ONLY; NOT ADOPTED
temperature_mean,0.05,-0.775,366,0,19,347,DIAGNOSTIC ONLY; NOT ADOPTED
temperature_mean,0.1,0.6,366,0,36,326,DIAGNOSTIC ONLY; NOT ADOPTED
temperature_mean,0.9,28.4,366,0,325,36,DIAGNOSTIC ONLY; NOT ADOPTED
temperature_mean,0.95,29.4,366,0,345,17,DIAGNOSTIC ONLY; NOT ADOPTED
temperature_mean,0.99,30.90500000000001,366,0,362,4,DIAGNOSTIC ONLY; NOT ADOPTED
temperature_min,0.01,-9.91,366,0,4,362,DIAGNOSTIC ONLY; NOT ADOPTED
temperature_min,0.05,-4.8,366,0,18,346,DIAGNOSTIC ONLY; NOT ADOPTED
temperature_min,0.1,-3.05,366,0,37,329,DIAGNOSTIC ONLY; NOT ADOPTED
temperature_min,0.9,25.4,366,0,328,36,DIAGNOSTIC ONLY; NOT ADOPTED
temperature_min,0.95,26.875,366,0,347,19,DIAGNOSTIC ONLY; NOT ADOPTED
temperature_min,0.99,27.605000000000008,366,0,362,4,DIAGNOSTIC ONLY; NOT ADOPTED
