hour_bin,hour_start,hour_end,boarding_type,daytime_10_16,senior_ridership,non_senior_ridership,total_ridership,valid_rows,senior_share,senior_within_direction_share,non_senior_within_direction_share,hour_order
before_06,,6,alighting,False,1937425,3043862,4981287,88938,0.38894064927397276,0.009129549409962065,0.002276352768854895,0
before_06,,6,boarding,False,5591435,14096549,19687984,88938,0.28400241487396577,0.026103870663352746,0.010631905412798081,0
06_07,6,7,alighting,False,7470872,23861240,31332112,88938,0.23844137924695277,0.03520430213272881,0.017844632819198493,6
06_07,6,7,boarding,False,6638450,31506597,38145047,88938,0.1740317687903229,0.030991908196220476,0.023762919504848157,6
07_08,7,8,alighting,False,7958998,65320635,73279633,88938,0.10861132451359302,0.03750445333098791,0.048850049163073075,7
07_08,7,8,boarding,False,7915491,88652259,96567750,88938,0.0819682658030243,0.03695383265672098,0.06686334593799358,7
08_09,8,9,alighting,False,11013687,158812093,169825780,88938,0.06485285685129784,0.05189878299926803,0.11876765360196719,8
08_09,8,9,boarding,False,10733508,111269184,122002692,88938,0.08797763249355187,0.05010987422657368,0.08392149310070326,8
09_10,9,10,alighting,False,14139105,101415546,115554651,88938,0.12235859723205776,0.066626402420812,0.07584363513918534,9
09_10,9,10,boarding,False,13662249,66894561,80556810,88938,0.16959769136836475,0.06378283586709323,0.050453245342718375,9
10_11,10,11,alighting,True,16470655,58840139,75310794,88938,0.21870244788549167,0.07761315077328863,0.04400360901133391,10
10_11,10,11,boarding,True,15264911,46932945,62197856,88938,0.24542503522951017,0.0712649368957326,0.035397786506758115,10
11_12,11,12,alighting,True,18126380,51979017,70105397,88938,0.258558980844228,0.08541527121501383,0.038872517633948465,11
11_12,11,12,boarding,True,15981797,47394170,63375967,88938,0.25217440863663665,0.07461175205577082,0.03574565182996721,11
12_13,12,13,alighting,True,17452481,54397479,71849960,88938,0.24290174970173958,0.08223971901669698,0.04068116489524689,12
12_13,12,13,boarding,True,16551321,53529521,70080842,88938,0.236174688083799,0.07727060096229935,0.04037305897098563,12
13_14,13,14,alighting,True,17056944,106635522,123692466,88938,0.13789800261561605,0.08037586643661354,0.07974739517198448,13
13_14,13,14,boarding,True,17207441,98039781,115247222,88938,0.14930894386330631,0.08033372726523214,0.07394360692701728,13
14_15,14,15,alighting,True,17013877,57210058,74223935,88938,0.2292235920933052,0.08017292577855512,0.04278455262907751,14
14_15,14,15,boarding,True,18827961,56909731,75737692,88938,0.24859433266067837,0.08789919918565621,0.04292248245012185,14
15_16,15,16,alighting,True,18096138,59751494,77847632,88938,0.23245585684610162,0.0852727646234007,0.04468516601939136,15
15_16,15,16,boarding,True,20405841,64669961,85075802,88938,0.2398548179422393,0.09526560431104729,0.048775406548180036,15
16_17,16,17,alighting,False,17405303,69183803,86589106,88938,0.2010103095417107,0.0820174064719207,0.05173912007803296,16
16_17,16,17,boarding,False,18650203,81205063,99855266,88938,0.18677235309753218,0.08706932781249775,0.06124651848167301,16
17_18,17,18,alighting,False,15226006,90287220,105513226,88938,0.1443042410626323,0.07174810591035981,0.06752131444829333,17
17_18,17,18,boarding,False,15121489,116340790,131462279,88938,0.1150253069931946,0.0705953647128709,0.08774660201799779,17
18_19,18,19,alighting,False,11552114,127368600,138920714,88938,0.08315616632952232,0.054435962967606236,0.0952526314514822,18
18_19,18,19,boarding,False,11023472,149211391,160234863,88938,0.06879571519963168,0.0514635844553483,0.11253828122216514,18
19_20,19,20,alighting,False,7810928,97397265,105208193,88938,0.0742425829897107,0.03680671670575954,0.07283856293801885,19
19_20,19,20,boarding,False,7878291,86717219,94595510,88938,0.08328398462041169,0.036780162751110575,0.0654038992145451,19
20_21,20,21,alighting,False,5504567,61825088,67329655,88938,0.08175546124512297,0.02593866415832698,0.04623590368206493,20
20_21,20,21,boarding,False,5928412,67596639,73525051,88938,0.0806311851453187,0.02767706323816129,0.050982766921964934,20
21_22,21,22,alighting,False,4102885,54195914,58298799,88938,0.07037683572177876,0.01933364715067278,0.04053042447210871,21
21_22,21,22,boarding,False,4017394,63220519,67237913,88937,0.059748939560334065,0.018755388085478834,0.04768220776276547,21
22_23,22,23,alighting,False,2526268,49754696,52280964,88938,0.04832099117376642,0.011904300052289015,0.03720905875599273,22
22_23,22,23,boarding,False,2094926,51472236,53567162,88938,0.039108400030600836,0.009780258082816828,0.038821412569645254,22
23_24,23,24,alighting,False,1093039,32437432,33530471,88938,0.03259837894910573,0.005150627021699176,0.02425833961846574,23
23_24,23,24,boarding,False,622520,24648076,25270596,88938,0.024634163753003688,0.002906263162381455,0.01859008276702748,23
after_24,24,,alighting,False,257073,13449105,13706178,88938,0.018755994559533664,0.0012113814240381836,0.01005791570227895,24
after_24,24,,boarding,False,82348,5565119,5647467,88938,0.014581404371198628,0.0003844454136345629,0.004197326510124247,24
