variable,unit,valid_n,missing_n,mean,sd,variance,minimum,maximum,p01,p05,p10,p25,p50,p75,p90,p95,p99
humidity_mean,percent,366,0,65.85464480874317,13.160647765194573,173.20264959952092,28.6,95.8,33.05,45.849999999999994,48.2,56.025,65.85,75.5,82.15,86.775,92.64000000000001
precipitation,mm,160,206,8.196250000000001,17.687642303358928,312.8526902515723,0.0,128.8,0.0,0.0,0.0,0.0,1.1,7.824999999999999,25.369999999999997,38.49499999999993,87.64899999999994
snow_depth_max,cm,28,338,5.357142857142856,6.486363391987074,42.07291005291005,0.2,28.6,0.281,0.5700000000000001,0.8400000000000001,1.5,2.85,5.699999999999999,12.750000000000002,17.894999999999992,26.305000000000007
snow_new_max,cm,16,350,4.0375,4.909429702114086,24.102500000000003,0.2,19.3,0.2,0.2,0.25,0.8,2.3499999999999996,5.4,8.55,11.275,17.694999999999997
temperature_max,degC,366,0,19.539890710382515,10.640655762523107,113.2235550565162,-8.2,36.4,-0.64,2.55,4.4,9.725,21.65,28.5,32.75,33.675000000000004,35.4
temperature_mean,degC,366,0,14.875409836065574,10.535112678402767,110.9885991466427,-11.7,31.8,-4.91,-0.775,0.6,4.85,16.299999999999997,24.375,28.4,29.4,30.90500000000001
temperature_min,degC,366,0,10.975136612021856,10.70561288491042,114.61014724156001,-14.0,28.2,-9.91,-4.8,-3.05,1.2,11.9,21.275,25.4,26.875,27.605000000000008
wind_max,m/s,364,2,4.711538461538462,1.235886202894755,1.5274147065056154,2.4,9.1,2.7,3.0,3.3,3.8,4.5,5.3,6.469999999999999,7.1,8.237
wind_mean,m/s,363,3,2.309090909090909,0.6723834081190673,0.4520994475138122,1.2,5.3,1.3619999999999999,1.5,1.6,1.8,2.2,2.6,3.2,3.6,4.438
