temperature_bin,days,temperature_mean,temperature_min,temperature_max,weekend_fraction,senior_daily_sum,senior_daily_mean,non_senior_daily_sum,non_senior_daily_mean,total_daily_sum,senior_valid_days,non_senior_valid_days,weather_variable,senior_relative_index,non_senior_relative_index
0,37,1.916216216216216,-8.2,4.3,0.2702702702702703,41574712,1123640.8648648649,257611270,6962466.756756756,299185982,37,37,temperature_max,96.44438475977613,95.69004784541657
1,37,5.856756756756757,4.5,7.8,0.3783783783783784,40489473,1094310.0810810812,241597282,6529656.27027027,282086755,37,37,temperature_max,93.92686382848707,89.74163076756153
2,36,9.730555555555556,7.9,11.9,0.1388888888888889,44088983,1224693.9722222222,267569536,7432487.111111111,311658519,36,36,temperature_max,105.11797885188494,102.14986614944517
3,37,14.913513513513513,12.0,18.2,0.2972972972972973,43730093,1181894.4054054054,273890927,7402457.486486486,317621020,37,37,temperature_max,101.44440483130208,101.73714802561045
4,36,19.919444444444444,18.3,21.6,0.2222222222222222,44534788,1237077.4444444445,301459875,8373885.416666667,345994663,36,36,temperature_max,106.18087750305286,115.08816116001512
5,38,23.273684210526316,21.7,24.5,0.2894736842105263,45785448,1204880.2105263157,301427039,7932290.5,347212487,38,38,temperature_max,103.41732331656999,109.0190135173182
6,35,25.774285714285714,24.6,27.2,0.3142857142857143,42911662,1226047.4857142856,272435756,7783878.742857143,315347418,35,35,temperature_max,105.23415367258426,106.97928698964172
7,37,28.700000000000003,27.3,30.3,0.3783783783783784,42489518,1148365.3513513512,258130254,6976493.3513513515,300619772,37,37,temperature_max,98.5665378090757,95.88282514041228
8,36,31.644444444444446,30.6,32.7,0.3055555555555556,40370641,1121406.6944444445,241419576,6706099.333333333,281790217,36,36,temperature_max,96.25262136064784,92.16661112816597
9,37,33.97837837837838,32.8,36.4,0.24324324324324326,40438887,1092942.8918918918,247497004,6689108.216216216,287935891,37,37,temperature_max,93.80951519484029,91.93309032775335
0,37,-5.905405405405405,-14.0,-3.1,0.35135135135135137,41460235,1120546.8918918918,248815967,6724755.864864865,290276202,37,37,temperature_min,96.17882275578329,92.42302088310653
1,37,-1.6675675675675676,-3.0,-0.5,0.2702702702702703,41809665,1129990.945945946,255941564,6917339.567567567,297751229,37,37,temperature_min,96.98942515674783,95.0698333376127
2,36,1.0194444444444446,-0.4,2.5,0.2222222222222222,42308824,1175245.111111111,256353454,7120929.277777778,298662278,36,36,temperature_min,100.87368235461729,97.86790904719417
3,37,5.0729729729729724,2.6,8.7,0.24324324324324326,45421099,1227597.2702702703,287089506,7759175.837837838,332510605,37,37,temperature_min,105.36717483858655,106.63977769705886
4,37,10.697297297297297,8.8,11.9,0.24324324324324326,46074817,1245265.3243243243,326826742,8833155.18918919,372901559,37,37,temperature_min,106.88365991529353,121.40022670258806
5,36,13.163888888888888,12.0,14.3,0.3333333333333333,42550802,1181966.7222222222,270543410,7515094.722222222,313094212,36,36,temperature_min,101.4506119310292,103.28520029692191
6,37,16.386486486486486,14.4,18.3,0.32432432432432434,44510192,1202978.1621621621,276911057,7484082.621621622,321421249,37,37,temperature_min,103.25406663020323,102.85897931893615
7,37,20.82162162162162,18.6,22.6,0.3783783783783784,42161317,1139495.054054054,247306490,6683959.189189189,289467807,37,37,temperature_min,97.80518211952712,91.86232364982338
8,36,23.98611111111111,22.7,25.4,0.25,42143872,1170663.111111111,258164729,7171242.472222222,300308601,36,36,temperature_min,100.48039995915863,98.5593984505687
9,36,26.744444444444444,25.6,28.2,0.2222222222222222,37973382,1054816.1666666667,235085600,6530155.555555556,273058982,36,36,temperature_min,90.53702068860487,89.7484927942694
