date,temperature_max,temperature_min,hot_primary,cold_primary,hot_sensitivity,cold_sensitivity,month,day_of_week
2024-01-01,7.3,-0.3,False,False,False,False,1,0
2024-01-02,4.3,2.2,False,False,False,False,1,1
2024-01-03,4.0,-1.1,False,False,False,False,1,2
2024-01-04,4.7,-3.3,False,True,False,False,1,3
2024-01-05,9.1,1.4,False,False,False,False,1,4
2024-01-06,5.2,-2.7,False,False,False,False,1,5
2024-01-07,-0.9,-8.3,False,True,False,True,1,6
2024-01-08,0.0,-10.3,False,True,False,True,1,0
2024-01-09,0.4,-1.9,False,False,False,False,1,1
2024-01-10,3.3,-4.1,False,True,False,False,1,2
2024-01-11,4.5,-2.4,False,False,False,False,1,3
2024-01-12,4.2,-1.4,False,False,False,False,1,4
2024-01-13,6.4,-3.8,False,True,False,False,1,5
2024-01-14,2.4,-3.3,False,True,False,False,1,6
2024-01-15,0.9,-6.9,False,True,False,True,1,0
2024-01-16,4.3,-7.2,False,True,False,True,1,1
2024-01-17,1.9,-2.3,False,False,False,False,1,2
2024-01-18,9.4,1.4,False,False,False,False,1,3
2024-01-19,9.0,4.0,False,False,False,False,1,4
2024-01-20,4.9,1.9,False,False,False,False,1,5
2024-01-21,4.3,-2.4,False,False,False,False,1,6
2024-01-22,-2.4,-11.9,False,True,False,True,1,0
2024-01-23,-8.2,-14.0,False,True,False,True,1,1
2024-01-24,-3.7,-11.2,False,True,False,True,1,2
2024-01-25,-0.5,-9.7,False,True,False,True,1,3
2024-01-26,4.0,-6.9,False,True,False,True,1,4
2024-01-27,4.6,-4.6,False,True,False,False,1,5
2024-01-28,3.8,-5.0,False,True,False,True,1,6
2024-01-29,4.6,-4.8,False,True,False,True,1,0
2024-01-30,8.1,-4.0,False,True,False,False,1,1
2024-01-31,10.6,0.7,False,False,False,False,1,2
2024-02-01,8.2,-1.3,False,False,False,False,2,3
2024-02-02,7.9,0.7,False,False,False,False,2,4
2024-02-03,8.3,-0.2,False,False,False,False,2,5
2024-02-04,12.2,3.7,False,False,False,False,2,6
2024-02-05,6.6,0.1,False,False,False,False,2,0
2024-02-06,2.9,0.0,False,False,False,False,2,1
2024-02-07,2.7,-0.9,False,False,False,False,2,2
2024-02-08,6.2,-3.0,False,False,False,False,2,3
2024-02-09,6.1,-2.5,False,False,False,False,2,4
2024-02-10,7.4,-1.5,False,False,False,False,2,5
2024-02-11,5.5,-3.1,False,True,False,False,2,6
2024-02-12,10.5,-2.9,False,False,False,False,2,0
2024-02-13,13.7,2.0,False,False,False,False,2,1
2024-02-14,18.3,8.8,False,False,False,False,2,2
2024-02-15,11.6,0.6,False,False,False,False,2,3
2024-02-16,8.1,-1.5,False,False,False,False,2,4
2024-02-17,11.7,-1.2,False,False,False,False,2,5
2024-02-18,9.4,1.2,False,False,False,False,2,6
2024-02-19,11.9,4.2,False,False,False,False,2,0
2024-02-20,6.8,2.8,False,False,False,False,2,1
2024-02-21,4.0,0.0,False,False,False,False,2,2
2024-02-22,1.6,-1.1,False,False,False,False,2,3
2024-02-23,6.1,-1.0,False,False,False,False,2,4
2024-02-24,5.9,-1.3,False,False,False,False,2,5
2024-02-25,5.9,0.8,False,False,False,False,2,6
2024-02-26,9.7,-1.2,False,False,False,False,2,0
2024-02-27,9.8,1.2,False,False,False,False,2,1
2024-02-28,10.1,3.2,False,False,False,False,2,2
2024-02-29,9.6,0.3,False,False,False,False,2,3
2024-03-01,0.3,-7.1,False,True,False,True,3,4
2024-03-02,4.1,-8.1,False,True,False,True,3,5
2024-03-03,7.8,0.4,False,False,False,False,3,6
2024-03-04,11.7,-1.8,False,False,False,False,3,0
2024-03-05,11.0,5.5,False,False,False,False,3,1
2024-03-06,10.3,2.5,False,False,False,False,3,2
2024-03-07,8.2,1.2,False,False,False,False,3,3
2024-03-08,6.5,-0.7,False,False,False,False,3,4
2024-03-09,7.1,-2.1,False,False,False,False,3,5
2024-03-10,10.6,-1.8,False,False,False,False,3,6
2024-03-11,10.8,2.0,False,False,False,False,3,0
2024-03-12,10.0,4.4,False,False,False,False,3,1
2024-03-13,12.0,1.3,False,False,False,False,3,2
2024-03-14,15.4,3.4,False,False,False,False,3,3
2024-03-15,14.5,4.0,False,False,False,False,3,4
2024-03-16,18.3,4.4,False,False,False,False,3,5
2024-03-17,12.2,5.4,False,False,False,False,3,6
2024-03-18,13.2,1.4,False,False,False,False,3,0
2024-03-19,9.8,3.9,False,False,False,False,3,1
2024-03-20,8.7,1.2,False,False,False,False,3,2
2024-03-21,11.5,-1.2,False,False,False,False,3,3
2024-03-22,15.2,3.8,False,False,False,False,3,4
2024-03-23,18.2,9.3,False,False,False,False,3,5
2024-03-24,23.4,10.5,False,False,False,False,3,6
2024-03-25,14.5,6.7,False,False,False,False,3,0
2024-03-26,12.4,3.2,False,False,False,False,3,1
2024-03-27,16.2,4.4,False,False,False,False,3,2
2024-03-28,12.2,7.8,False,False,False,False,3,3
2024-03-29,12.3,5.0,False,False,False,False,3,4
2024-03-30,15.6,3.0,False,False,False,False,3,5
2024-03-31,17.7,3.4,False,False,False,False,3,6
2024-04-01,19.0,5.5,False,False,False,False,4,0
2024-04-02,23.9,7.0,False,False,False,False,4,1
2024-04-03,19.7,13.9,False,False,False,False,4,2
2024-04-04,20.3,12.4,False,False,False,False,4,3
2024-04-05,18.8,10.2,False,False,False,False,4,4
2024-04-06,18.9,8.0,False,False,False,False,4,5
2024-04-07,23.4,7.7,False,False,False,False,4,6
2024-04-08,22.8,11.0,False,False,False,False,4,0
2024-04-09,20.8,10.6,False,False,False,False,4,1
2024-04-10,18.5,10.2,False,False,False,False,4,2
2024-04-11,21.1,11.7,False,False,False,False,4,3
2024-04-12,24.2,12.0,False,False,False,False,4,4
2024-04-13,27.3,11.2,False,False,False,False,4,5
2024-04-14,29.4,13.6,False,False,False,False,4,6
2024-04-15,20.0,11.7,False,False,False,False,4,0
2024-04-16,17.9,11.5,False,False,False,False,4,1
2024-04-17,21.8,9.7,False,False,False,False,4,2
2024-04-18,24.9,10.7,False,False,False,False,4,3
2024-04-19,24.3,11.5,False,False,False,False,4,4
2024-04-20,17.2,13.0,False,False,False,False,4,5
2024-04-21,21.7,13.3,False,False,False,False,4,6
2024-04-22,24.1,15.0,False,False,False,False,4,0
2024-04-23,24.2,13.2,False,False,False,False,4,1
2024-04-24,16.5,11.0,False,False,False,False,4,2
2024-04-25,20.8,10.3,False,False,False,False,4,3
2024-04-26,26.0,11.4,False,False,False,False,4,4
2024-04-27,26.2,11.5,False,False,False,False,4,5
2024-04-28,28.9,13.0,False,False,False,False,4,6
2024-04-29,26.1,16.9,False,False,False,False,4,0
2024-04-30,22.5,16.0,False,False,False,False,4,1
2024-05-01,24.0,13.9,False,False,False,False,5,2
2024-05-02,23.7,12.4,False,False,False,False,5,3
2024-05-03,27.9,12.2,False,False,False,False,5,4
2024-05-04,28.5,14.6,False,False,False,False,5,5
2024-05-05,20.6,15.7,False,False,False,False,5,6
2024-05-06,15.7,13.4,False,False,False,False,5,0
2024-05-07,15.0,12.2,False,False,False,False,5,1
2024-05-08,21.4,9.0,False,False,False,False,5,2
2024-05-09,21.8,10.9,False,False,False,False,5,3
2024-05-10,23.8,12.5,False,False,False,False,5,4
2024-05-11,22.0,14.0,False,False,False,False,5,5
2024-05-12,21.6,11.9,False,False,False,False,5,6
2024-05-13,24.5,11.9,False,False,False,False,5,0
2024-05-14,24.7,12.7,False,False,False,False,5,1
2024-05-15,18.8,7.2,False,False,False,False,5,2
2024-05-16,19.8,6.9,False,False,False,False,5,3
2024-05-17,24.9,10.8,False,False,False,False,5,4
2024-05-18,26.5,16.0,False,False,False,False,5,5
2024-05-19,27.9,15.9,False,False,False,False,5,6
2024-05-20,22.8,16.8,False,False,False,False,5,0
2024-05-21,28.3,16.3,False,False,False,False,5,1
2024-05-22,25.5,16.4,False,False,False,False,5,2
2024-05-23,26.4,15.8,False,False,False,False,5,3
2024-05-24,24.7,15.7,False,False,False,False,5,4
2024-05-25,24.7,18.7,False,False,False,False,5,5
2024-05-26,23.7,17.0,False,False,False,False,5,6
2024-05-27,22.6,14.1,False,False,False,False,5,0
2024-05-28,26.1,14.3,False,False,False,False,5,1
2024-05-29,26.8,15.4,False,False,False,False,5,2
2024-05-30,24.6,16.2,False,False,False,False,5,3
2024-05-31,25.4,16.9,False,False,False,False,5,4
2024-06-01,25.2,17.5,False,False,False,False,6,5
2024-06-02,25.8,15.7,False,False,False,False,6,6
2024-06-03,28.7,15.7,False,False,False,False,6,0
2024-06-04,29.3,16.3,False,False,False,False,6,1
2024-06-05,30.1,18.1,False,False,False,False,6,2
2024-06-06,31.4,19.3,False,False,False,False,6,3
2024-06-07,28.0,18.3,False,False,False,False,6,4
2024-06-08,25.0,17.9,False,False,False,False,6,5
2024-06-09,28.8,17.4,False,False,False,False,6,6
2024-06-10,31.1,19.0,False,False,False,False,6,0
2024-06-11,31.6,21.7,False,False,False,False,6,1
2024-06-12,31.8,19.2,False,False,False,False,6,2
2024-06-13,32.8,20.0,True,False,False,False,6,3
2024-06-14,33.0,21.4,True,False,False,False,6,4
2024-06-15,28.2,21.8,False,False,False,False,6,5
2024-06-16,29.5,19.9,False,False,False,False,6,6
2024-06-17,30.2,18.9,False,False,False,False,6,0
2024-06-18,32.9,20.4,True,False,False,False,6,1
2024-06-19,35.8,21.4,True,False,True,False,6,2
2024-06-20,35.4,23.4,True,False,True,False,6,3
2024-06-21,33.9,22.9,True,False,True,False,6,4
2024-06-22,26.1,22.6,False,False,False,False,6,5
2024-06-23,30.1,22.5,False,False,False,False,6,6
2024-06-24,27.9,21.2,False,False,False,False,6,0
2024-06-25,27.2,19.1,False,False,False,False,6,1
2024-06-26,31.6,18.9,False,False,False,False,6,2
2024-06-27,31.6,20.6,False,False,False,False,6,3
2024-06-28,32.5,21.3,False,False,False,False,6,4
2024-06-29,32.3,21.6,False,False,False,False,6,5
2024-06-30,24.9,22.0,False,False,False,False,6,6
2024-07-01,31.3,22.0,False,False,False,False,7,0
2024-07-02,25.2,21.9,False,False,False,False,7,1
2024-07-03,25.9,23.6,False,False,False,False,7,2
2024-07-04,30.6,23.2,False,False,False,False,7,3
2024-07-05,26.1,21.3,False,False,False,False,7,4
2024-07-06,30.0,22.1,False,False,False,False,7,5
2024-07-07,28.2,21.5,False,False,False,False,7,6
2024-07-08,24.5,23.1,False,False,False,False,7,0
2024-07-09,26.7,22.7,False,False,False,False,7,1
2024-07-10,31.1,22.7,False,False,False,False,7,2
2024-07-11,28.9,23.3,False,False,False,False,7,3
2024-07-12,30.2,21.8,False,False,False,False,7,4
2024-07-13,33.3,23.5,True,False,False,False,7,5
2024-07-14,32.1,24.9,False,False,False,False,7,6
2024-07-15,31.3,24.5,False,False,False,False,7,0
2024-07-16,30.7,24.6,False,False,False,False,7,1
2024-07-17,28.1,24.1,False,False,False,False,7,2
2024-07-18,25.6,23.1,False,False,False,False,7,3
2024-07-19,30.8,24.2,False,False,False,False,7,4
2024-07-20,30.6,25.1,False,False,False,False,7,5
2024-07-21,29.8,22.5,False,False,False,False,7,6
2024-07-22,27.9,24.3,False,False,False,False,7,0
2024-07-23,27.3,25.8,False,False,False,False,7,1
2024-07-24,30.9,26.0,False,False,False,False,7,2
2024-07-25,32.2,25.4,False,False,False,False,7,3
2024-07-26,32.7,25.2,False,False,False,False,7,4
2024-07-27,31.7,27.5,False,False,False,False,7,5
2024-07-28,32.2,27.3,False,False,False,False,7,6
2024-07-29,27.8,26.8,False,False,False,False,7,0
2024-07-30,31.9,26.3,False,False,False,False,7,1
2024-07-31,33.3,27.0,True,False,False,False,7,2
2024-08-01,33.2,27.3,True,False,False,False,8,3
2024-08-02,32.5,28.2,False,False,False,False,8,4
2024-08-03,34.2,27.2,True,False,True,False,8,5
2024-08-04,36.2,27.3,True,False,True,False,8,6
2024-08-05,33.7,26.9,True,False,True,False,8,0
2024-08-06,33.5,25.6,True,False,False,False,8,1
2024-08-07,33.4,27.2,True,False,False,False,8,2
2024-08-08,31.6,26.9,False,False,False,False,8,3
2024-08-09,33.6,25.6,True,False,False,False,8,4
2024-08-10,33.6,26.4,True,False,False,False,8,5
2024-08-11,34.4,27.8,True,False,True,False,8,6
2024-08-12,34.1,28.2,True,False,True,False,8,0
2024-08-13,36.4,28.1,True,False,True,False,8,1
2024-08-14,34.9,27.3,True,False,True,False,8,2
2024-08-15,34.6,26.7,True,False,True,False,8,3
2024-08-16,34.3,26.8,True,False,True,False,8,4
2024-08-17,34.0,27.2,True,False,True,False,8,5
2024-08-18,33.9,27.0,True,False,True,False,8,6
2024-08-19,35.3,26.3,True,False,True,False,8,0
2024-08-20,35.4,27.0,True,False,True,False,8,1
2024-08-21,30.8,26.9,False,False,False,False,8,2
2024-08-22,30.3,27.1,False,False,False,False,8,3
2024-08-23,31.8,26.4,False,False,False,False,8,4
2024-08-24,30.9,25.1,False,False,False,False,8,5
2024-08-25,32.7,24.9,False,False,False,False,8,6
2024-08-26,30.6,25.6,False,False,False,False,8,0
2024-08-27,30.3,24.6,False,False,False,False,8,1
2024-08-28,33.2,23.0,True,False,False,False,8,2
2024-08-29,33.5,23.4,True,False,False,False,8,3
2024-08-30,32.9,23.7,True,False,False,False,8,4
2024-08-31,33.0,22.6,True,False,False,False,8,5
2024-09-01,31.6,24.6,False,False,False,False,9,6
2024-09-02,26.9,22.2,False,False,False,False,9,0
2024-09-03,32.0,23.2,False,False,False,False,9,1
2024-09-04,33.3,23.2,True,False,False,False,9,2
2024-09-05,28.8,25.6,False,False,False,False,9,3
2024-09-06,25.7,23.3,False,False,False,False,9,4
2024-09-07,31.3,22.8,False,False,False,False,9,5
2024-09-08,32.8,22.6,True,False,False,False,9,6
2024-09-09,34.1,24.1,True,False,True,False,9,0
2024-09-10,33.9,25.6,True,False,True,False,9,1
2024-09-11,34.6,25.4,True,False,True,False,9,2
2024-09-12,27.1,24.8,False,False,False,False,9,3
2024-09-13,28.0,24.2,False,False,False,False,9,4
2024-09-14,32.2,25.2,False,False,False,False,9,5
2024-09-15,32.4,24.2,False,False,False,False,9,6
2024-09-16,32.2,21.3,False,False,False,False,9,0
2024-09-17,33.2,25.8,True,False,False,False,9,1
2024-09-18,33.6,26.5,True,False,False,False,9,2
2024-09-19,32.6,25.6,False,False,False,False,9,3
2024-09-20,28.6,17.9,False,False,False,False,9,4
2024-09-21,21.9,17.1,False,False,False,False,9,5
2024-09-22,26.7,16.9,False,False,False,False,9,6
2024-09-23,26.1,16.6,False,False,False,False,9,0
2024-09-24,26.9,15.6,False,False,False,False,9,1
2024-09-25,27.3,18.6,False,False,False,False,9,2
2024-09-26,28.0,21.1,False,False,False,False,9,3
2024-09-27,28.0,19.1,False,False,False,False,9,4
2024-09-28,27.9,19.2,False,False,False,False,9,5
2024-09-29,29.0,19.1,False,False,False,False,9,6
2024-09-30,28.5,18.3,False,False,False,False,9,0
2024-10-01,21.7,13.3,False,False,False,False,10,1
2024-10-02,19.9,11.6,False,False,False,False,10,2
2024-10-03,22.5,10.8,False,False,False,False,10,3
2024-10-04,24.2,11.9,False,False,False,False,10,4
2024-10-05,24.4,11.6,False,False,False,False,10,5
2024-10-06,17.9,12.3,False,False,False,False,10,6
2024-10-07,20.7,14.0,False,False,False,False,10,0
2024-10-08,23.9,12.7,False,False,False,False,10,1
2024-10-09,24.4,13.9,False,False,False,False,10,2
2024-10-10,24.1,15.3,False,False,False,False,10,3
2024-10-11,24.4,13.9,False,False,False,False,10,4
2024-10-12,24.7,13.4,False,False,False,False,10,5
2024-10-13,22.6,12.6,False,False,False,False,10,6
2024-10-14,21.5,17.6,False,False,False,False,10,0
2024-10-15,21.9,17.6,False,False,False,False,10,1
2024-10-16,24.2,14.4,False,False,False,False,10,2
2024-10-17,25.7,13.8,False,False,False,False,10,3
2024-10-18,18.8,16.2,False,False,False,False,10,4
2024-10-19,21.1,12.4,False,False,False,False,10,5
2024-10-20,17.8,10.5,False,False,False,False,10,6
2024-10-21,19.3,9.7,False,False,False,False,10,0
2024-10-22,16.6,14.9,False,False,False,False,10,1
2024-10-23,15.5,9.4,False,False,False,False,10,2
2024-10-24,18.4,7.1,False,False,False,False,10,3
2024-10-25,21.5,8.7,False,False,False,False,10,4
2024-10-26,24.0,10.7,False,False,False,False,10,5
2024-10-27,18.8,14.0,False,False,False,False,10,6
2024-10-28,20.4,12.3,False,False,False,False,10,0
2024-10-29,18.3,13.4,False,False,False,False,10,1
2024-10-30,21.4,11.4,False,False,False,False,10,2
2024-10-31,22.6,11.0,False,False,False,False,10,3
2024-11-01,18.7,12.9,False,False,False,False,11,4
2024-11-02,25.1,13.0,False,False,False,False,11,5
2024-11-03,23.5,13.0,False,False,False,False,11,6
2024-11-04,18.3,8.9,False,False,False,False,11,0
2024-11-05,14.7,5.6,False,False,False,False,11,1
2024-11-06,12.5,4.1,False,False,False,False,11,2
2024-11-07,15.7,1.6,False,False,False,False,11,3
2024-11-08,18.1,3.1,False,False,False,False,11,4
2024-11-09,20.3,6.8,False,False,False,False,11,5
2024-11-10,21.0,10.3,False,False,False,False,11,6
2024-11-11,21.8,9.7,False,False,False,False,11,0
2024-11-12,19.2,11.0,False,False,False,False,11,1
2024-11-13,21.3,8.3,False,False,False,False,11,2
2024-11-14,16.8,13.2,False,False,False,False,11,3
2024-11-15,21.5,13.7,False,False,False,False,11,4
2024-11-16,22.6,14.4,False,False,False,False,11,5
2024-11-17,14.4,2.1,False,False,False,False,11,6
2024-11-18,7.9,-0.7,False,False,False,False,11,0
2024-11-19,11.3,0.3,False,False,False,False,11,1
2024-11-20,9.6,2.4,False,False,False,False,11,2
2024-11-21,14.1,6.0,False,False,False,False,11,3
2024-11-22,10.6,3.3,False,False,False,False,11,4
2024-11-23,12.6,1.5,False,False,False,False,11,5
2024-11-24,14.2,2.6,False,False,False,False,11,6
2024-11-25,15.4,3.6,False,False,False,False,11,0
2024-11-26,12.7,1.0,False,False,False,False,11,1
2024-11-27,1.2,-1.3,False,False,False,False,11,2
2024-11-28,3.4,-1.7,False,False,False,False,11,3
2024-11-29,3.4,-3.4,False,True,False,False,11,4
2024-11-30,5.6,-0.5,False,False,False,False,11,5
2024-12-01,8.2,1.6,False,False,False,False,12,6
2024-12-02,13.0,0.6,False,False,False,False,12,0
2024-12-03,5.2,-2.4,False,False,False,False,12,1
2024-12-04,6.9,-0.6,False,False,False,False,12,2
2024-12-05,8.8,-0.1,False,False,False,False,12,3
2024-12-06,5.2,-0.4,False,False,False,False,12,4
2024-12-07,4.6,-2.5,False,False,False,False,12,5
2024-12-08,4.1,-3.9,False,True,False,False,12,6
2024-12-09,7.4,-3.8,False,True,False,False,12,0
2024-12-10,6.9,-1.9,False,False,False,False,12,1
2024-12-11,8.2,0.2,False,False,False,False,12,2
2024-12-12,5.4,-3.2,False,True,False,False,12,3
2024-12-13,4.5,-1.5,False,False,False,False,12,4
2024-12-14,2.5,-3.6,False,True,False,False,12,5
2024-12-15,5.4,-2.2,False,False,False,False,12,6
2024-12-16,3.9,-3.3,False,True,False,False,12,0
2024-12-17,3.8,-3.5,False,True,False,False,12,1
2024-12-18,0.9,-6.2,False,True,False,True,12,2
2024-12-19,4.9,-6.7,False,True,False,True,12,3
2024-12-20,5.3,-2.1,False,False,False,False,12,4
2024-12-21,1.9,-4.7,False,True,False,False,12,5
2024-12-22,1.0,-7.7,False,True,False,True,12,6
2024-12-23,6.7,-5.0,False,True,False,True,12,0
2024-12-24,5.1,-4.3,False,True,False,False,12,1
2024-12-25,6.5,-1.1,False,False,False,False,12,2
2024-12-26,4.2,-4.8,False,True,False,True,12,3
2024-12-27,1.8,-5.9,False,True,False,True,12,4
2024-12-28,1.1,-6.7,False,True,False,True,12,5
2024-12-29,6.1,-4.2,False,True,False,False,12,6
2024-12-30,10.1,1.9,False,False,False,False,12,0
2024-12-31,4.9,-2.0,False,False,False,False,12,1
