canonical_station_id,ADM_CD,beta_hot,beta_cold,valid_days
"station:[""1"",""동대문""]",11010670,-0.06229397611325821,-0.03804210407861601,366
"station:[""1"",""동묘앞""]",11010700,-0.02613588552259518,-0.05381264032259561,366
"station:[""1"",""서울역""]",11030530,-0.049010801124863564,-0.012722617203043723,366
"station:[""1"",""시청""]",11020520,0.05041948537541108,0.0742221418984448,366
"station:[""1"",""신설동""]",11060810,-5.1217713019011124e-05,-0.0004867951908779759,366
"station:[""1"",""제기동""]",11060810,-0.014937070527000385,-0.054784355691039,366
"station:[""1"",""종각""]",11010610,0.036437268685239665,0.013510849674283582,366
"station:[""1"",""종로3가""]",11010610,0.000370770017844314,0.003465804269984775,366
"station:[""1"",""종로5가""]",11010630,-0.03254541817410808,-0.03173211632227202,366
"station:[""1"",""청량리(서울시립대입구)""]",11060800,-0.017471956815932305,-0.03654566280058794,366
"station:[""2"",""강남""]",11220540,-0.03880035821435954,0.0035943042035998635,366
"station:[""2"",""강변(동서울터미널)""]",11050620,-0.05959717059328505,-0.0208098980240682,366
"station:[""2"",""건대입구""]",11050530,-0.04401981971978988,-0.013830680121228987,366
"station:[""2"",""교대(법원.검찰청)""]",11220510,-0.001365170673758553,0.010886714651324965,366
"station:[""2"",""구로디지털단지""]",11170540,0.01842801497414806,-0.011169966279285789,366
"station:[""2"",""구의(광진구청)""]",11050650,-0.00318457901013775,-0.00973738893297954,366
"station:[""2"",""낙성대(강감찬)""]",11210620,-0.0044158142279581356,-0.01608133492186918,366
"station:[""2"",""당산""]",11190560,-0.0027111186486478284,-0.0032483269945421233,366
"station:[""2"",""대림(구로구청)""]",11170550,-0.02525189915928862,-0.011514858614313539,366
"station:[""2"",""도림천""]",11170510,0.034966094262904424,-0.029505128550794478,366
"station:[""2"",""동대문역사문화공원(DDP)""]",11020590,-0.0741003838015365,0.0017434881614706518,366
"station:[""2"",""뚝섬""]",11040660,-0.014156820279189852,-0.003134910063915091,366
"station:[""2"",""문래""]",11190760,-0.0008232348136641698,-0.004061727673556649,366
"station:[""2"",""방배""]",11220620,-0.01749910167532824,0.011778680083843493,366
"station:[""2"",""봉천""]",11210800,-0.005113016869952004,-0.016252589783748158,366
"station:[""2"",""사당""]",11200630,-0.03600324567178322,-0.005245361278569572,366
"station:[""2"",""삼성(무역센터)""]",11230790,-0.012164005043837162,-0.017132703126531847,366
"station:[""2"",""상왕십리""]",11040520,-0.0003417062734152737,-0.0023816855157793825,366
"station:[""2"",""서울대입구(관악구청)""]",11210800,-0.009816491125573562,6.976269985794657e-05,366
"station:[""2"",""서초""]",11220530,-0.015297764507340772,-0.01734026667787892,366
"station:[""2"",""선릉""]",11230650,0.00043870561084517756,0.030625122352493993,366
"station:[""2"",""성수""]",11040680,-0.019196164886231493,-0.007692880073319549,366
"station:[""2"",""시청""]",11020520,0.014672979746483905,0.08204255074602711,366
"station:[""2"",""신답""]",11040700,0.0030954839909243526,-0.03693279778619849,366
"station:[""2"",""신당""]",11020670,-0.02365207731794039,-0.023189301480041054,366
"station:[""2"",""신대방""]",11210680,-0.005563084938909925,-0.004515967481970608,366
"station:[""2"",""신도림""]",11170510,-0.006390450295623015,-0.0016329396178757236,366
"station:[""2"",""신림""]",11210690,-0.012413428204130588,-0.008756266035375625,366
"station:[""2"",""신설동""]",11060810,-0.007152059012854317,-0.01369128731007365,366
"station:[""2"",""신정네거리""]",11150660,0.0037095383579642746,-0.011147486333584786,366
"station:[""2"",""신촌""]",11130750,-0.05668619190536983,-0.01788179122134125,366
"station:[""2"",""아현""]",11130740,-0.005352714318077836,-0.0165249866596898,366
"station:[""2"",""양천구청""]",11150700,-0.0013563851757068535,0.0028146085869272105,366
"station:[""2"",""역삼""]",11230640,0.0056681053933324566,0.0014419648890966663,366
"station:[""2"",""영등포구청""]",11190550,-0.010096670571419789,0.0038759789641390815,366
"station:[""2"",""왕십리(성동구청)""]",11040560,-0.011290106475386252,0.007593674687042709,366
"station:[""2"",""용답""]",11020550,-0.02940003653264897,-0.019830062372510438,366
"station:[""2"",""용두(동대문구청)""]",11060810,-0.013487203574496454,-0.04241231528050983,366
"station:[""2"",""을지로3가""]",11020600,-0.012666771337967175,-0.03528224830543551,366
"station:[""2"",""을지로4가""]",11020600,-0.025830344559836738,0.008272339624367303,366
"station:[""2"",""을지로입구""]",11020520,0.00048100843611017727,0.015215781996180223,366
"station:[""2"",""이대""]",11140600,-0.026948881016616022,0.03308255973977611,366
"station:[""2"",""잠실(송파구청)""]",11240770,-0.004762501590335099,-0.004493060984141166,366
"station:[""2"",""잠실나루""]",11240750,-0.010990925639602946,-0.003948338473178085,366
"station:[""2"",""잠실새내""]",11240750,-0.014203447115422263,0.011139461004710163,366
"station:[""2"",""종합운동장""]",11240780,-0.0757239202678166,-0.02957128056058037,366
"station:[""2"",""충정로(경기대입구)""]",11130730,0.03032320527839355,-0.00846741076965279,366
"station:[""2"",""한양대""]",11040550,-0.008109434660138665,0.06599516210618732,366
"station:[""2"",""합정""]",11140660,-0.010242290970863523,-0.015265346635566068,366
"station:[""2"",""홍대입구""]",11140660,-0.048960840977291864,-0.009588215728056591,366
"station:[""3"",""가락시장""]",11240660,-0.003835090544857641,-0.014771183001057618,366
"station:[""3"",""경복궁(정부서울청사)""]",11010530,-0.015230382537349041,0.013627667867786002,366
"station:[""3"",""경찰병원""]",11240650,0.030154729498683558,0.0044331566161237065,366
"station:[""3"",""고속터미널""]",11220600,-0.06681534883227086,-0.013297946990077192,366
"station:[""3"",""교대(법원.검찰청)""]",11220510,-0.014950715974852202,0.03227684466608621,366
"station:[""3"",""구파발""]",11120710,0.011506711764826837,-0.019085062254295047,366
"station:[""3"",""금호""]",11040720,-0.002434618714686032,-0.020492419926350564,366
"station:[""3"",""남부터미널(예술의전당)""]",11220530,-0.045004135866787955,-0.03629673691829399,366
"station:[""3"",""녹번""]",11120510,0.0009099770260807688,-0.015096361595027417,366
"station:[""3"",""대청""]",11230511,0.0149944841499345,-0.0026674515611121055,366
"station:[""3"",""대치""]",11230600,-0.05359011396108548,-0.009610326051229764,366
"station:[""3"",""도곡""]",11230600,-0.04247674572246338,0.021894445772225563,366
"station:[""3"",""독립문""]",11010570,-0.02918530655010837,-0.08570598396028896,366
"station:[""3"",""동대입구""]",11020580,0.012400789867815148,0.012860071381126107,366
"station:[""3"",""매봉""]",11230660,0.013372036687888542,0.0033370677636885464,366
"station:[""3"",""무악재""]",11130620,0.01261318141076101,-0.030540696864104655,366
"station:[""3"",""불광""]",11120580,-0.0036283771070946156,-0.015753789943945905,366
"station:[""3"",""수서""]",11230750,-0.04499885850733367,-0.012041501408050707,366
"station:[""3"",""신사""]",11230510,-0.018299030367465913,0.001767909912764482,366
"station:[""3"",""안국""]",11010610,-0.02210545072129838,-0.013937922618447536,366
"station:[""3"",""압구정""]",11230770,-0.011382947812746666,-0.017601046979811824,366
"station:[""3"",""약수""]",11020710,-0.007740031906642915,-0.01700658985615925,366
"station:[""3"",""양재(서초구청)""]",11230660,0.03281357335281598,-0.003715749269804582,366
"station:[""3"",""연신내""]",11120550,-0.015774586644934016,-0.020979032846963886,366
"station:[""3"",""오금""]",11240600,0.01762200865177377,0.00073187580651003,366
"station:[""3"",""옥수""]",11040730,0.011214276402433773,-0.025194688919912923,366
"station:[""3"",""을지로3가""]",11020600,-0.019126483627170565,-0.0032458914681081966,366
"station:[""3"",""일원""]",11230720,0.012640422940255254,-0.013780199950582793,366
"station:[""3"",""잠원""]",11220550,-0.018116054001089732,0.022361014982673077,366
"station:[""3"",""종로3가""]",11010610,-0.020538980712201726,0.015331753297020257,366
"station:[""3"",""학여울""]",11230790,-0.03816356575201876,0.18035017908043968,366
"station:[""3"",""홍제""]",11130640,-0.006671314022000108,-0.01720141019349638,366
"station:[""4"",""길음""]",11080680,0.0043445372916186414,-0.016844041674310233,366
"station:[""4"",""남태령""]",11220630,-0.006519155422102213,-0.08035125152021308,366
"station:[""4"",""노원""]",11110660,-0.030339392485299183,-0.024255155327620986,366
"station:[""4"",""당고개""]",11110760,0.027387219704163995,-0.03072691449924519,366
"station:[""4"",""동대문""]",11010630,-0.08901950241166343,-0.029319951627367544,366
"station:[""4"",""동대문역사문화공원(DDP)""]",11020590,-0.06243731836886052,0.00797551062224814,366
"station:[""4"",""동작(현충원)""]",11200730,-0.03125554575333339,-0.0059831409067131755,366
"station:[""4"",""명동""]",11020570,-0.050577744490051535,-0.003603268636829456,366
"station:[""4"",""미아(서울사이버대학)""]",11090700,-0.02588937171306928,-0.009669279477774647,366
"station:[""4"",""미아사거리""]",11090710,-0.012887516501414903,-0.02334705930240626,366
"station:[""4"",""사당""]",11220630,-0.0036348604878709834,-0.0012485298234081925,366
"station:[""4"",""삼각지""]",11030730,-0.03418607023440179,-0.018594772512268935,366
"station:[""4"",""상계""]",11110690,-0.012410585368969662,-0.017942205179739594,366
"station:[""4"",""서울역""]",11030530,0.013782649444946088,0.0076006059748770696,366
"station:[""4"",""성신여대입구(돈암)""]",11080830,-0.024881169606293912,-0.005601132656597859,366
"station:[""4"",""수유(강북구청)""]",11090600,-0.012291096108030558,-0.01190953557676211,366
"station:[""4"",""숙대입구(갈월)""]",11030530,0.009946258534433289,0.00044231725288021304,366
"station:[""4"",""신용산""]",11030730,-0.04286299263654904,-0.034246321402327376,366
"station:[""4"",""쌍문""]",11100530,-0.01019474998947012,-0.019498687625296975,366
"station:[""4"",""이촌(국립중앙박물관)""]",11030730,-0.02978252751803495,-0.04912880041494059,366
"station:[""4"",""창동""]",11100630,-0.00030231089051026283,-0.018144965293729744,366
"station:[""4"",""총신대입구(이수)""]",11220650,-0.024403180004983104,-0.016673056002727445,366
"station:[""4"",""충무로""]",11020570,-0.011950748725723812,0.009314731744904346,366
"station:[""4"",""한성대입구(삼선교)""]",11080820,0.007917239251355762,0.0007393617375824979,366
"station:[""4"",""혜화""]",11010730,-0.08407725819102296,-0.012242195446379996,366
"station:[""4"",""회현(남대문시장)""]",11020540,-0.06398839392335282,-0.01749127246129307,366
"station:[""5"",""강동""]",11250660,0.02632517272236115,0.002961625716301526,366
"station:[""5"",""강일""]",11250750,-0.01507381276239999,0.0002795704671113014,366
"station:[""5"",""개롱""]",11240600,0.014223943607584055,0.002996204830846647,366
"station:[""5"",""개화산""]",11160710,-0.009706526190428555,-0.02972203489410855,366
"station:[""5"",""거여""]",11240530,0.013754697692700352,-0.006777433642970027,366
"station:[""5"",""고덕""]",11250540,-0.020085529836265575,-0.006017413029353696,366
"station:[""5"",""공덕""]",11140770,0.009248992547398388,0.009432753131124362,366
"station:[""5"",""광나루(장신대)""]",11050630,0.004446980165927948,-0.007575485940388234,366
"station:[""5"",""광화문(세종문화회관)""]",11010530,0.05404044751878556,0.048218592898912484,366
"station:[""5"",""군자(능동)""]",11050590,-0.00019406467125594566,0.004882379419359428,366
"station:[""5"",""굽은다리(강동구민회관앞)""]",11250610,-0.011368020112473037,-0.01926322483539528,366
"station:[""5"",""길동""]",11250740,-0.010879684668243753,-0.01644112393966385,366
"station:[""5"",""김포공항""]",11160710,0.07012332976737004,-0.006926090145163053,366
"station:[""5"",""까치산""]",11160630,0.0004009044413248522,-0.015536923502098968,366
"station:[""5"",""답십리""]",11040700,0.014864197567043741,-0.004974802871126362,366
"station:[""5"",""동대문역사문화공원(DDP)""]",11020590,-0.008734093820530697,0.010833909877154038,366
"station:[""5"",""둔촌동""]",11250670,-0.0032473004315446627,-0.02149872556346878,366
"station:[""5"",""마장""]",11040540,-0.019485044345829483,-0.023152708139983953,366
"station:[""5"",""마천""]",11240550,0.02704420191226209,-0.014025581817729752,366
"station:[""5"",""마포""]",11140590,0.014575315335643851,0.006089658744559934,366
"station:[""5"",""명일""]",11250530,0.0021515566894080573,-0.017486820747587114,366
"station:[""5"",""목동""]",11150720,-0.0008015927369780483,-0.006437884207917911,366
"station:[""5"",""방이""]",11240570,0.006308821696052638,0.0009659215667012162,366
"station:[""5"",""방화""]",11160761,0.012887815205672351,-0.009785322200736333,366
"station:[""5"",""상일동""]",11250760,-0.005695253824799726,-0.006333863808143113,366
"station:[""5"",""서대문""]",11130730,0.023019715837250737,0.012271803460898106,366
"station:[""5"",""송정""]",11160690,-0.02029039087567311,-0.030399100627227723,366
"station:[""5"",""신금호""]",11040590,0.0052699526950523295,-0.006595500442615125,366
"station:[""5"",""신길""]",11190740,-0.004783410957461168,0.04939748524037826,366
"station:[""5"",""신정(은행정)""]",11150720,0.019032274415289957,-0.018117262339214884,366
"station:[""5"",""아차산(어린이대공원후문)""]",11050590,0.021346600064877028,-0.00432530805978608,366
"station:[""5"",""애오개""]",11140780,0.013375786527202574,-0.005246417306259179,366
"station:[""5"",""양평""]",11190610,0.017202649080822557,-0.01041329857125128,366
"station:[""5"",""여의나루""]",11190540,0.006960201019332091,0.026602069331549506,366
"station:[""5"",""여의도""]",11190540,0.025496161753551905,-0.02836922959608815,366
"station:[""5"",""영등포구청""]",11190550,-0.010713955123679515,0.0036147119511928676,366
"station:[""5"",""영등포시장""]",11190740,0.010852542045791752,-0.002216926958745641,366
"station:[""5"",""오금""]",11240650,0.03181095700048744,0.017155760170260083,366
"station:[""5"",""오목교(목동운동장앞)""]",11150510,0.01031843407513297,0.010203324853076547,366
"station:[""5"",""올림픽공원(한국체대)""]",11240590,0.08327108400753636,-0.022561546233660416,366
"station:[""5"",""왕십리(성동구청)""]",11040560,0.004668637988266756,-0.004098826857671059,366
"station:[""5"",""우장산""]",11160740,-0.012108842313271122,-0.011093956700598064,366
"station:[""5"",""을지로4가""]",11020600,-0.011939914364253734,0.011714755231044137,366
"station:[""5"",""장한평""]",11040700,-0.006579522552056183,-0.009150869984598988,366
"station:[""5"",""종로3가""]",11010610,-0.012533994083757716,0.007853648714112352,366
"station:[""5"",""천호(풍납토성)""]",11250660,-0.0055891270738860285,-0.029145429124618805,366
"station:[""5"",""청구""]",11020720,0.018233639865977987,-0.030164319902738,366
"station:[""5"",""충정로(경기대입구)""]",11130730,0.06258251900478151,0.012672294321446845,366
"station:[""5"",""행당""]",11040570,0.012421639099545231,-0.00957260032443526,366
"station:[""5"",""화곡""]",11160730,-0.006221680809737409,-0.014449299932904785,366
"station:[""6"",""공덕""]",11140770,0.013187200646320188,-0.0029294589354260953,366
"station:[""6"",""구산""]",11120570,-0.006805297816663933,-0.026228978615291932,366
"station:[""6"",""독바위""]",11120520,0.023775526484624165,-0.001999624051016356,366
"station:[""6"",""돌곶이""]",11080770,-0.0011058781320410493,-0.0017211777139181793,366
"station:[""6"",""동묘앞""]",11010670,-0.02305597530240905,-0.051291401552869174,366
"station:[""6"",""디지털미디어시티""]",11140740,0.015624106100484425,-0.01821094836291224,366
"station:[""6"",""마포구청""]",11140730,0.0018519328050115615,-0.0030127520054665743,366
"station:[""6"",""망원""]",11140660,-0.028908005259907943,-0.04050610636755912,366
"station:[""6"",""버티고개""]",11020710,0.017338891536969714,-0.029255990255718737,366
"station:[""6"",""보문""]",11080610,0.007484159314324154,-0.015334690915183434,366
"station:[""6"",""불광""]",11120520,-0.008958766015532992,-0.020441260218614015,366
"station:[""6"",""삼각지""]",11030730,-0.0033381009764715808,-0.04928601411244441,366
"station:[""6"",""상수""]",11140760,-0.04850255366567974,0.0005002995896354929,366
"station:[""6"",""석계""]",11080850,-0.0032207873810689122,-0.013080468992694097,366
"station:[""6"",""신당""]",11020690,-0.04471900017164118,-0.018788021700787288,366
"station:[""6"",""약수""]",11020700,-0.0002883005081478207,-0.04709557583293134,366
"station:[""6"",""역촌""]",11120510,0.009020140489482006,-0.014382323341328489,366
"station:[""6"",""응암""]",11120650,-0.00748162885164818,-0.01889939072793168,366
"station:[""6"",""이태원""]",11030650,-0.06829130188321686,0.006435523236123637,366
"station:[""6"",""창신""]",11010690,0.02962538286511416,0.01677419443242559,366
"station:[""6"",""청구""]",11020720,-0.0009624758785262838,1.3746292338140845e-05,366
"station:[""6"",""태릉입구""]",11110790,-0.010378691481854165,-0.02093538931209147,366
"station:[""6"",""한강진""]",11030740,-0.060061174211629376,-0.06836627168549551,366
"station:[""6"",""합정""]",11140680,-0.03745128955532319,-0.009438338144914564,366
"station:[""6"",""효창공원앞""]",11030580,0.022270730210219324,0.0025436432837945416,366
"station:[""7"",""가산디지털단지""]",11180510,0.01665097141711852,-0.011121903814548596,366
"station:[""7"",""강남구청""]",11230530,0.021702075903261786,-0.0062164126283189595,366
"station:[""7"",""건대입구""]",11050530,-0.019514856731210062,0.005203130467182833,366
"station:[""7"",""고속터미널""]",11220600,-0.10170692895716363,-0.03975606644211133,366
"station:[""7"",""공릉(서울과학기술대)""]",11110790,0.0023025041917549144,0.007086388575932472,366
"station:[""7"",""군자(능동)""]",11050590,0.002976463526911083,-0.0005596904938781563,366
"station:[""7"",""남구로""]",11170540,0.02001565423988433,-0.018719960925440354,366
"station:[""7"",""남성""]",11200650,0.004996695307999898,-0.012125413055533198,366
"station:[""7"",""내방""]",11220620,0.012782370165616789,-0.006100983566234579,366
"station:[""7"",""노원""]",11110770,-0.030094319481318466,-0.019800916901021606,366
"station:[""7"",""논현""]",11230520,0.012688387282322293,0.014873777651492667,366
"station:[""7"",""대림(구로구청)""]",11190710,-0.024167686616239897,-0.010789178559220937,366
"station:[""7"",""도봉산""]",11100650,0.04820888356497266,-0.04566989080751459,366
"station:[""7"",""마들""]",11110720,-0.001773920355819865,-0.011548399741549503,366
"station:[""7"",""먹골""]",11070650,-0.01989942709534126,-0.01086672484715312,366
"station:[""7"",""면목""]",11070710,-0.01842669901119635,-0.01284801261375958,366
"station:[""7"",""반포""]",11220570,-0.021648917955257103,0.015692796628730393,366
"station:[""7"",""보라매""]",11190680,0.010418220206659605,0.0037312458612892676,366
"station:[""7"",""사가정""]",11070720,-0.004404820131775775,-0.01376640135430357,366
"station:[""7"",""상도""]",11200530,-0.0023055445081336112,0.008992244363972779,366
"station:[""7"",""상봉""]",11070600,-0.006341778562304515,-0.01504926788991087,366
"station:[""7"",""수락산""]",11110650,-0.0018103235992502215,-0.036874560486114205,366
"station:[""7"",""숭실대입구(살피재)""]",11200530,0.015042029851304067,0.038506162912767414,366
"station:[""7"",""신대방삼거리""]",11200680,0.005629209856681354,-0.009954603849146523,366
"station:[""7"",""신풍""]",11190680,-0.01365347709130826,-0.011172575188202787,366
"station:[""7"",""어린이대공원(세종대)""]",11050590,-0.005239723330640683,0.03528064899586993,366
"station:[""7"",""온수(성공회대입구)""]",11170690,0.026769638372959037,-0.011775128921245754,366
"station:[""7"",""용마산(용마폭포공원)""]",11070540,0.02275855173916362,-0.004548295591599414,366
"station:[""7"",""이수""]",11200630,-0.027948967833734573,-0.007907543306723129,366
"station:[""7"",""자양(뚝섬한강공원)""]",11050670,-0.040185179454202496,0.0339348889501557,366
"station:[""7"",""장승배기""]",11200540,0.002389186940937274,-0.01957128518659448,366
"station:[""7"",""중계""]",11110780,-0.015103088413766674,-0.010239031159268809,366
"station:[""7"",""중곡""]",11050570,0.009957096995040216,-0.015203623136734078,366
"station:[""7"",""중화""]",11070620,-0.004453974081439924,-0.0031772389073425685,366
"station:[""7"",""천왕""]",11170730,0.010106004109781797,-0.028381121198194498,366
"station:[""7"",""청담""]",11230580,0.03565543800193782,0.0011805478694567227,366
"station:[""7"",""태릉입구""]",11110790,-0.014998439304265837,-0.0019365572796866942,366
"station:[""7"",""하계""]",11110590,-0.013781800985143214,-0.0023581071819812377,366
"station:[""7"",""학동""]",11230530,0.014317059623362216,-0.00507891753768476,366
"station:[""8"",""가락시장""]",11240660,0.017955890055414536,-0.024992016220484286,366
"station:[""8"",""강동구청""]",11240520,-0.005324884934369514,-0.007058942231322395,366
"station:[""8"",""몽촌토성(평화의문)""]",11240750,-0.015473876030739728,-0.009613508805330925,366
"station:[""8"",""문정""]",11240690,0.05245273157906055,0.011667466918788658,366
"station:[""8"",""복정""]",11240820,0.004981089459662358,-0.0017759133179310938,366
"station:[""8"",""석촌""]",11240630,0.001171992641963146,-0.015153548073626129,366
"station:[""8"",""송파""]",11240660,0.014880194913656324,-0.010566214365623177,366
"station:[""8"",""암사""]",11250580,0.009126242711130744,-0.01570383806852677,366
"station:[""8"",""잠실(송파구청)""]",11240770,-0.007948872682333408,-0.011671112364703166,366
"station:[""8"",""장지""]",11240810,-0.002650514848769811,-0.008792045224941276,366
"station:[""8"",""천호(풍납토성)""]",11250660,0.007288436827602163,-0.016162239073139725,366
